Country,Region_2015,Happiness Rank_2015,Happiness Score_2015,Economy (GDP per Capita)_2015,Family_2015,Health (Life Expectancy)_2015,Freedom_2015,Trust (Government Corruption)_2015,Generosity_2015,Dystopia Residual_2015,Region_2016,Happiness Rank_2016,Happiness Score_2016,Economy (GDP per Capita)_2016,Family_2016,Health (Life Expectancy)_2016,Freedom_2016,Trust (Government Corruption)_2016,Generosity_2016,Dystopia Residual_2016,Happiness Rank_2017,Happiness Score_2017,Economy (GDP per Capita)_2017,Family_2017,Health (Life Expectancy)_2017,Freedom_2017,Generosity_2017,Trust (Government Corruption)_2017,Dystopia Residual_x,Region_2017,Happiness Rank_2018,Happiness Score_2018,Economy (GDP per Capita)_2018,Family_2018,Health (Life Expectancy)_2018,Freedom_2018,Generosity_2018,Trust (Government Corruption)_2018,Region_2018,Happiness Rank_2019,Happiness Score_2019,Economy (GDP per Capita)_2019,Family_2019,Health (Life Expectancy)_2019,Freedom_2019,Generosity_2019,Trust (Government Corruption)_2019,Region_2019,Region_2020,Happiness Score_2020,Economy (GDP per Capita)_2020,Family_2020,Health (Life Expectancy)_2020,Freedom_2020,Generosity_2020,Trust (Government Corruption)_2020,Dystopia Residual_y,Happiness Rank_2020,Region,Happiness Score_2021,Economy (GDP per Capita),Family,Health (Life Expectancy),Freedom,Generosity,Trust (Government Corruption),Dystopia Residual_2021,Happiness Rank_2021,Happiness Rank_2022,Happiness Score_2022,Dystopia Residual_2022,Code
Switzerland,Western Europe,1,7.587,1.39651,1.34951,0.94143,0.66557,0.41978,0.29678,2.51738,Western Europe,2,7.509,1.52733,1.14524,0.86303,0.58557,0.41203,0.28083,2.69463,4,7.49399995803833,1.56497955322266,1.51691174507141,0.858131289482117,0.620070576667786,0.290549278259277,0.367007285356522,2.2767162322998,Western Europe,5,7.487,1.42,1.549,0.927,0.66,0.256,0.357,Western Europe,6,7.48,1.452,1.526,1.052,0.572,0.263,0.343,Western Europe,Western Europe,7.559899807,10.97993279,0.942846596,74.10244751,0.921336651,0.105911039,0.303728431,2.35026741,3,Western Europe,7.571,11.117,0.942,74.4,0.919,0.025,0.292,2.839,3,4,7.512,2.153,CHE
Iceland,Western Europe,2,7.561,1.30232,1.40223,0.94784,0.62877,0.14145,0.4363,2.70201,Western Europe,3,7.501,1.42666,1.18326,0.86733,0.56624,0.14975,0.47678,2.83137,3,7.50400018692017,1.480633020401,1.6105740070343,0.833552122116089,0.627162635326385,0.475540220737457,0.153526559472084,2.32271528244019,Western Europe,4,7.495,1.343,1.644,0.914,0.677,0.353,0.138,Western Europe,4,7.494,1.38,1.624,1.026,0.591,0.354,0.118,Western Europe,Western Europe,7.504499912,10.77255917,0.974669576,73.0,0.948891878,0.246944219,0.711709738,2.460688114,4,Western Europe,7.554,10.878,0.983,73.0,0.955,0.16,0.673,2.967,4,3,7.557,2.32,ISL
Denmark,Western Europe,3,7.527,1.32548,1.36058,0.87464,0.64938,0.48357,0.34139,2.49204,Western Europe,1,7.526,1.44178,1.16374,0.79504,0.57941,0.44453,0.36171,2.73939,2,7.52199983596802,1.48238301277161,1.55112159252167,0.792565524578094,0.626006722450256,0.355280488729477,0.40077006816864,2.31370735168457,Western Europe,3,7.555,1.351,1.59,0.868,0.683,0.284,0.408,Western Europe,2,7.6,1.383,1.573,0.996,0.592,0.252,0.41,Western Europe,Western Europe,7.645599842,10.77400112,0.955990791,72.40250397,0.951444268,0.066201776,0.168489456,2.432740688,2,Western Europe,7.62,10.933,0.954,72.7,0.946,0.03,0.179,2.868,2,2,7.636,2.226,DNK
Norway,Western Europe,4,7.522,1.459,1.33095,0.88521,0.66973,0.36503,0.34699,2.46531,Western Europe,4,7.498,1.57744,1.1269,0.79579,0.59609,0.35776,0.37895,2.66465,1,7.53700017929077,1.61646318435669,1.53352355957031,0.796666502952576,0.635422587394714,0.36201223731041,0.315963834524155,2.27702665328979,Western Europe,2,7.594,1.456,1.582,0.861,0.686,0.286,0.34,Western Europe,3,7.554,1.488,1.582,1.028,0.603,0.271,0.341,Western Europe,Western Europe,7.487999916,11.08780384,0.952486575,73.20078278,0.955750287,0.13453263,0.263218194,2.168266296,5,Western Europe,7.392,11.053,0.954,73.3,0.96,0.093,0.27,2.58,6,8,7.365,1.925,NOR
Canada,North America,5,7.427,1.32629,1.32261,0.90563,0.63297,0.32957,0.45811,2.45176,North America,6,7.404,1.44015,1.0961,0.8276,0.5737,0.31329,0.44834,2.70485,7,7.31599998474121,1.47920441627502,1.48134899139404,0.83455765247345,0.611100912094116,0.435539722442627,0.287371516227722,2.18726444244385,North America,7,7.328,1.33,1.532,0.896,0.653,0.321,0.291,North America,9,7.278,1.365,1.505,1.039,0.584,0.285,0.308,North America,North America and ANZ,7.23210001,10.69236851,0.927176654,73.60160065,0.933913231,0.124770768,0.390843362,2.195269108,11,North America and ANZ,7.103,10.776,0.926,73.8,0.915,0.089,0.415,2.585,14,15,7.025,1.924,CAN
Finland,Western Europe,6,7.406,1.29025,1.31826,0.88911,0.64169,0.41372,0.23351,2.61955,Western Europe,5,7.413,1.40598,1.13464,0.81091,0.57104,0.41004,0.25492,2.82596,5,7.4689998626709,1.44357192516327,1.5402467250824,0.80915766954422,0.617950856685638,0.24548277258873,0.38261154294014,2.4301815032959,Western Europe,1,7.632,1.305,1.592,0.874,0.681,0.202,0.393,Western Europe,1,7.769,1.34,1.587,0.986,0.596,0.153,0.393,Western Europe,Western Europe,7.808700085,10.63926697,0.954329729,71.9008255,0.949172199,-0.059482019,0.195444584,2.762835026,1,Western Europe,7.842,10.775,0.954,72.0,0.949,-0.098,0.186,3.253,1,1,7.821,2.518,FIN
Netherlands,Western Europe,7,7.378,1.32944,1.28017,0.89284,0.61576,0.31814,0.4761,2.4657,Western Europe,7,7.339,1.46468,1.02912,0.81231,0.55211,0.29927,0.47416,2.70749,6,7.3769998550415,1.50394463539124,1.42893922328949,0.810696125030518,0.585384488105774,0.470489829778671,0.282661825418472,2.29480409622192,Western Europe,6,7.441,1.361,1.488,0.878,0.638,0.333,0.295,Western Europe,5,7.488,1.396,1.522,0.999,0.557,0.322,0.298,Western Europe,Western Europe,7.448900223,10.81271172,0.93913883,72.30091858,0.908547819,0.20761244,0.364717126,2.352117062,6,Western Europe,7.464,10.932,0.942,72.4,0.913,0.175,0.338,2.798,5,5,7.415,2.137,NLD
Sweden,Western Europe,8,7.364,1.33171,1.28907,0.91087,0.6598,0.43844,0.36262,2.37119,Western Europe,10,7.291,1.45181,1.08764,0.83121,0.58218,0.40867,0.38254,2.54734,9,7.28399991989136,1.49438726902008,1.47816216945648,0.830875158309937,0.612924098968506,0.385399252176285,0.384398728609085,2.09753799438477,Western Europe,9,7.314,1.355,1.501,0.913,0.659,0.285,0.383,Western Europe,7,7.343,1.387,1.487,1.009,0.574,0.267,0.373,Western Europe,Western Europe,7.353499889,10.75879383,0.926311195,72.60076904,0.939144194,0.111614622,0.250880182,2.246299267,7,Western Europe,7.363,10.867,0.934,72.7,0.945,0.086,0.237,2.683,7,7,7.384,2.003,SWE
New Zealand,Australia and New Zealand,9,7.286,1.25018,1.31967,0.90837,0.63938,0.42922,0.47501,2.26425,Australia and New Zealand,8,7.334,1.36066,1.17278,0.83096,0.58147,0.41904,0.49401,2.47553,8,7.31400012969971,1.40570604801178,1.54819512367249,0.816759705543518,0.614062130451202,0.500005125999451,0.382816702127457,2.0464563369751,Australia and New Zealand,8,7.324,1.268,1.601,0.876,0.669,0.365,0.389,Australia and New Zealand,8,7.307,1.303,1.557,1.026,0.585,0.33,0.38,Australia and New Zealand,North America and ANZ,7.299600124,10.50094318,0.949118972,73.20262909,0.936217487,0.191598073,0.22113885,2.128108025,8,North America and ANZ,7.277,10.643,0.948,73.4,0.929,0.134,0.242,2.612,9,10,7.2,1.954,NZL
Australia,Australia and New Zealand,10,7.284,1.33358,1.30923,0.93156,0.65124,0.35637,0.43562,2.26646,Australia and New Zealand,9,7.313,1.44443,1.10476,0.8512,0.56837,0.32331,0.47407,2.5465,10,7.28399991989136,1.484414935112,1.51004195213318,0.84388679265976,0.601607382297516,0.477699249982834,0.301183730363846,2.06521081924438,Australia and New Zealand,10,7.272,1.34,1.573,0.91,0.647,0.361,0.302,Australia and New Zealand,11,7.228,1.372,1.548,1.036,0.557,0.332,0.29,Australia and New Zealand,North America and ANZ,7.222799778,10.72059631,0.944854617,73.60453796,0.915431738,0.19046016,0.41516912,2.129804134,12,North America and ANZ,7.183,10.796,0.94,73.9,0.914,0.159,0.442,2.598,11,12,7.162,2.011,AUS
Israel,Middle East and Northern Africa,11,7.278,1.22857,1.22393,0.91387,0.41319,0.07785,0.33172,3.08854,Middle East and Northern Africa,11,7.267,1.33766,0.99537,0.84917,0.36432,0.08728,0.32288,3.31029,11,7.21299982070923,1.37538242340088,1.37628996372223,0.83840399980545,0.405988603830338,0.330082654953003,0.0852421000599861,2.80175733566284,Middle East and Northern Africa,19,6.814,1.301,1.559,0.883,0.533,0.354,0.272,Middle East and Northern Africa,13,7.139,1.276,1.455,1.029,0.371,0.261,0.082,Middle East and Northern Africa,Middle East and North Africa,7.128600121,10.41752529,0.913571239,73.20025635,0.747580588,0.10259372,0.78085506,2.713358402,14,Middle East and North Africa,7.157,10.575,0.939,73.503,0.8,0.031,0.753,3.083,12,9,7.364,2.634,ISR
Costa Rica,Latin America and Caribbean,12,7.226,0.95578,1.23788,0.86027,0.63376,0.10583,0.25497,3.17728,Latin America and Caribbean,14,7.087,1.06879,1.02152,0.76146,0.55225,0.10547,0.22553,3.35168,12,7.0789999961853,1.10970628261566,1.41640365123749,0.759509265422821,0.580131649971008,0.214613229036331,0.100106589496136,2.89863920211792,Latin America and Caribbean,13,7.072,1.01,1.459,0.817,0.632,0.143,0.101,Latin America and Caribbean,12,7.167,1.034,1.441,0.963,0.558,0.144,0.093,Latin America and Caribbean,Latin America and Caribbean,7.121399879,9.658156395,0.901545942,71.29985046,0.934738934,-0.10242971,0.786332428,2.953135014,15,Latin America and Caribbean,7.069,9.88,0.891,71.4,0.934,-0.126,0.809,3.387,16,23,6.582,2.346,CRI
Austria,Western Europe,13,7.2,1.33723,1.29704,0.89042,0.62433,0.18676,0.33088,2.5332,Western Europe,12,7.119,1.45038,1.08383,0.80565,0.54355,0.21348,0.32865,2.69343,13,7.00600004196167,1.48709726333618,1.4599449634552,0.815328419208527,0.567766189575195,0.316472321748734,0.221060365438461,2.1385064125061,Western Europe,12,7.139,1.341,1.504,0.891,0.617,0.242,0.224,Western Europe,10,7.246,1.376,1.475,1.016,0.532,0.244,0.226,Western Europe,Western Europe,7.294199944,10.7428236,0.928045869,73.00250244,0.899989486,0.085429221,0.499954879,2.398446083,9,Western Europe,7.268,10.906,0.934,73.3,0.908,0.042,0.481,2.784,10,11,7.163,2.148,AUT
Mexico,Latin America and Caribbean,14,7.187,1.02054,0.91451,0.81444,0.48181,0.21312,0.14074,3.60214,Latin America and Caribbean,21,6.778,1.11508,0.7146,0.71143,0.37709,0.18355,0.11735,3.55906,25,6.57800006866455,1.15318381786346,1.210862159729,0.709978997707367,0.412730008363724,0.120990432798862,0.132774114608765,2.83715486526489,Latin America and Caribbean,24,6.488,1.038,1.252,0.761,0.479,0.069,0.095,Latin America and Caribbean,23,6.595,1.07,1.323,0.861,0.433,0.074,0.073,Latin America and Caribbean,Latin America and Caribbean,6.465000153,9.797797203,0.838665426,68.29902649,0.858709276,-0.175266623,0.806821585,2.662540197,24,Latin America and Caribbean,6.317,9.859,0.831,68.597,0.862,-0.147,0.799,2.961,36,46,6.128,2.239,MEX
United States,North America,15,7.119,1.39451,1.24711,0.86179,0.54604,0.1589,0.40105,2.51011,North America,13,7.104,1.50796,1.04782,0.779,0.48163,0.14868,0.41077,2.72782,14,6.99300003051758,1.54625928401947,1.41992056369781,0.77428662776947,0.505740523338318,0.392578780651093,0.135638788342476,2.2181134223938,North America,18,6.886,1.398,1.471,0.819,0.547,0.291,0.133,North America,19,6.892,1.433,1.457,0.874,0.454,0.28,0.128,North America,North America and ANZ,6.939599991,10.92576885,0.914219022,68.29949951,0.842619538,0.149891734,0.699715316,2.344124794,18,North America and ANZ,6.951,11.023,0.92,68.2,0.837,0.098,0.698,2.807,19,16,6.977,2.214,USA
Brazil,Latin America and Caribbean,16,6.983,0.98124,1.23287,0.69702,0.49049,0.17521,0.14574,3.26001,Latin America and Caribbean,17,6.952,1.08754,1.03938,0.61415,0.40425,0.14166,0.15776,3.50733,22,6.63500022888184,1.10735321044922,1.43130600452423,0.616552352905273,0.437453746795654,0.16234989464283,0.111092761158943,2.76926708221436,Latin America and Caribbean,28,6.419,0.986,1.474,0.675,0.493,0.11,0.088,Latin America and Caribbean,32,6.3,1.004,1.439,0.802,0.39,0.099,0.086,Latin America and Caribbean,Latin America and Caribbean,6.375599861,9.56643486,0.896723807,66.48016357,0.799804807,-0.101812392,0.770601273,2.571860313,32,Latin America and Caribbean,6.33,9.577,0.882,66.601,0.804,-0.071,0.756,3.015,35,38,6.293,2.361,BRA
Ireland,Western Europe,18,6.94,1.33596,1.36948,0.89533,0.61777,0.28703,0.45901,1.9757,Western Europe,19,6.907,1.48341,1.16157,0.81455,0.54008,0.29754,0.44963,2.15988,15,6.97700023651123,1.53570663928986,1.55823111534119,0.80978262424469,0.573110342025757,0.42785832285881,0.29838815331459,1.77386903762817,Western Europe,14,6.977,1.448,1.583,0.876,0.614,0.307,0.306,Western Europe,16,7.021,1.499,1.553,0.999,0.516,0.298,0.31,Western Europe,Western Europe,7.093699932,11.16097832,0.942081571,72.30078888,0.886982977,0.145784974,0.357184172,1.943878174,16,Western Europe,7.085,11.342,0.947,72.4,0.879,0.077,0.363,2.384,15,13,7.041,1.743,IRL
Belgium,Western Europe,19,6.937,1.30782,1.28566,0.89667,0.5845,0.2254,0.2225,2.41484,Western Europe,18,6.929,1.42539,1.05249,0.81959,0.51354,0.26248,0.2424,2.61355,17,6.89099979400635,1.46378076076508,1.46231269836426,0.818091869354248,0.539770722389221,0.231503337621689,0.251343131065369,2.12421035766602,Western Europe,16,6.927,1.324,1.483,0.894,0.583,0.188,0.24,Western Europe,18,6.923,1.356,1.504,0.986,0.473,0.16,0.21,Western Europe,Western Europe,6.863500118,10.6736393,0.911632538,72.00164795,0.813582063,-0.078691199,0.612297952,2.348626614,20,Western Europe,6.834,10.823,0.906,72.199,0.783,-0.153,0.646,2.862,20,19,6.805,2.283,BEL
United Arab Emirates,Middle East and Northern Africa,20,6.901,1.42727,1.12575,0.80925,0.64157,0.38583,0.26428,2.24743,Middle East and Northern Africa,28,6.573,1.57352,0.87114,0.72993,0.56215,0.35561,0.26591,2.21507,21,6.64799976348877,1.62634336948395,1.26641023159027,0.726798236370087,0.60834527015686,0.3609419465065,0.324489563703537,1.734703540802,Middle East and Northern Africa,20,6.774,2.096,0.776,0.67,0.284,0.186,,Middle East and Northern Africa,21,6.825,1.503,1.31,0.825,0.598,0.262,0.182,Middle East and Northern Africa,Middle East and North Africa,6.790800095,11.1099987,0.849181116,67.08278656,0.941345513,0.123450845,0.594502211,2.166965961,21,Middle East and North Africa,6.561,11.085,0.844,67.333,0.932,0.074,0.589,2.422,25,24,6.576,1.809,ARE
United Kingdom,Western Europe,21,6.867,1.26637,1.28548,0.90943,0.59625,0.32067,0.51912,1.96994,Western Europe,23,6.725,1.40283,1.08672,0.80991,0.50036,0.27399,0.50156,2.14999,19,6.71400022506714,1.44163393974304,1.49646008014679,0.805335938930511,0.508190035820007,0.492774158716202,0.265428066253662,1.70414352416992,Western Europe,11,7.19,1.244,1.433,0.888,0.464,0.262,0.082,Western Europe,15,7.054,1.333,1.538,0.996,0.45,0.348,0.278,Western Europe,Western Europe,7.164500237,10.60013485,0.93668282,72.30160522,0.834743679,0.263732493,0.435915917,2.236721992,13,Western Europe,7.064,10.707,0.934,72.5,0.859,0.233,0.459,2.596,17,17,6.943,1.967,GBR
Venezuela,Latin America and Caribbean,23,6.81,1.04424,1.25596,0.72052,0.42908,0.11069,0.05841,3.19131,Latin America and Caribbean,44,6.084,1.13367,1.03302,0.61904,0.19847,0.08304,0.0425,2.97468,82,5.25,1.12843120098114,1.43133759498596,0.617144227027893,0.153997123241425,0.0650196298956871,0.0644911229610443,1.78946375846863,Latin America and Caribbean,102,4.806,0.996,1.469,0.657,0.133,0.056,0.052,Latin America and Caribbean,108,4.707,0.96,1.427,0.805,0.154,0.064,0.047,Latin America and Caribbean,Latin America and Caribbean,5.053199768,8.977793694,0.890408158,66.50534058,0.62327832,-0.169090509,0.837038398,1.74484086,99,Latin America and Caribbean,4.892,9.073,0.861,66.7,0.615,-0.169,0.827,2.135,107,108,4.925,2.79,VEN
Singapore,Southeastern Asia,24,6.798,1.52186,1.02,1.02525,0.54252,0.4921,0.31105,1.88501,Southeastern Asia,22,6.739,1.64555,0.86758,0.94719,0.4877,0.46987,0.32706,1.99375,26,6.57200002670288,1.69227766990662,1.35381436347961,0.949492394924164,0.549840569496155,0.345965981483459,0.46430778503418,1.21636199951172,Southeastern Asia,34,6.343,1.529,1.451,1.008,0.631,0.261,0.457,Southeastern Asia,34,6.262,1.572,1.463,1.141,0.556,0.271,0.453,Southeastern Asia,Southeast Asia,6.377099991,11.39552116,0.910268962,76.80458069,0.926645339,0.029879224,0.109784193,0.937031746,31,Southeast Asia,6.377,11.488,0.915,76.953,0.927,-0.018,0.082,1.379,32,27,6.48,0.932,SGP
Panama,Latin America and Caribbean,25,6.786,1.06353,1.1985,0.79661,0.5421,0.0927,0.24434,2.84848,Latin America and Caribbean,25,6.701,1.18306,0.98912,0.70835,0.48927,0.08423,0.2418,3.00559,30,6.4520001411438,1.23374843597412,1.37319254875183,0.706156134605408,0.550026834011078,0.21055693924427,0.070983923971653,2.30719995498657,Latin America and Caribbean,27,6.43,1.112,1.438,0.759,0.597,0.125,0.063,Latin America and Caribbean,31,6.321,1.149,1.442,0.91,0.516,0.109,0.054,Latin America and Caribbean,Latin America and Caribbean,6.304800034,10.03423405,0.902094483,69.60301208,0.880366504,-0.153927714,0.851588905,2.221176147,36,Latin America and Caribbean,6.18,10.35,0.896,69.652,0.872,-0.166,0.856,2.509,41,37,6.309,2.086,PAN
Germany,Western Europe,26,6.75,1.32792,1.29937,0.89186,0.61477,0.21843,0.28214,2.11569,Western Europe,16,6.994,1.44787,1.09774,0.81487,0.53466,0.28551,0.30452,2.50931,16,6.95100021362305,1.48792338371277,1.47252035140991,0.798950731754303,0.562511384487152,0.336269170045853,0.276731938123703,2.01576995849609,Western Europe,15,6.965,1.34,1.474,0.861,0.586,0.273,0.28,Western Europe,17,6.985,1.373,1.454,0.987,0.495,0.261,0.265,Western Europe,Western Europe,7.075799942,10.7328186,0.898874462,72.20201874,0.867371082,0.080179386,0.456422031,2.295249462,17,Western Europe,7.155,10.873,0.903,72.5,0.875,0.011,0.46,2.824,13,14,7.034,2.142,DEU
Chile,Latin America and Caribbean,27,6.67,1.10715,1.12447,0.85857,0.44132,0.12869,0.33363,2.67585,Latin America and Caribbean,24,6.705,1.2167,0.90587,0.81883,0.37789,0.11451,0.31595,2.95505,20,6.65199995040894,1.25278460979462,1.28402495384216,0.819479703903198,0.376895278692245,0.326662421226501,0.0822879821062088,2.50958585739136,Latin America and Caribbean,25,6.476,1.131,1.331,0.808,0.431,0.197,0.061,Latin America and Caribbean,26,6.444,1.159,1.369,0.92,0.357,0.187,0.056,Latin America and Caribbean,Latin America and Caribbean,6.228499889,10.0320549,0.879713595,69.90061951,0.744896293,-0.065668367,0.838239431,2.283012867,39,Latin America and Caribbean,6.172,10.071,0.882,70.0,0.742,-0.044,0.83,2.682,43,44,6.172,2.04,CHL
France,Western Europe,29,6.575,1.27778,1.26038,0.94579,0.55011,0.20646,0.12332,2.21126,Western Europe,32,6.478,1.39488,1.00508,0.83795,0.46562,0.17808,0.1216,2.4744,31,6.44199991226196,1.43092346191406,1.38777685165405,0.844465851783752,0.470222115516663,0.129762306809425,0.172502428293228,2.00595474243164,Western Europe,23,6.489,1.293,1.466,0.908,0.52,0.098,0.176,Western Europe,24,6.592,1.324,1.472,1.045,0.436,0.111,0.183,Western Europe,Western Europe,6.663799763,10.58422279,0.937103748,73.80193329,0.825467646,-0.130641967,0.583521128,2.053198338,23,Western Europe,6.69,10.704,0.942,74.0,0.822,-0.147,0.571,2.521,21,20,6.687,1.895,FRA
Argentina,Latin America and Caribbean,30,6.574,1.05351,1.24823,0.78723,0.44974,0.08484,0.11451,2.836,Latin America and Caribbean,26,6.65,1.15137,1.06612,0.69711,0.42284,0.07296,0.10989,3.12985,24,6.59899997711182,1.18529546260834,1.44045114517212,0.695137083530426,0.494519203901291,0.109457060694695,0.059739887714386,2.61400532722473,Latin America and Caribbean,29,6.388,1.073,1.468,0.744,0.57,0.062,0.054,Latin America and Caribbean,47,6.086,1.092,1.432,0.881,0.471,0.066,0.05,Latin America and Caribbean,Latin America and Caribbean,5.974699974,9.810955048,0.900567949,68.80380249,0.831132412,-0.194913864,0.842009842,2.072540998,55,Latin America and Caribbean,5.929,9.962,0.898,69.0,0.828,-0.182,0.834,2.461,57,57,5.967,1.891,ARG
Uruguay,Latin America and Caribbean,32,6.485,1.06166,1.2089,0.8116,0.60362,0.24558,0.2324,2.32142,Latin America and Caribbean,29,6.545,1.18157,1.03143,0.72183,0.54388,0.21394,0.18056,2.67139,28,6.4539999961853,1.21755969524384,1.41222786903381,0.719216823577881,0.57939225435257,0.175096929073334,0.178061872720718,2.17240953445435,Latin America and Caribbean,31,6.379,1.093,1.459,0.771,0.625,0.13,0.155,Latin America and Caribbean,33,6.293,1.124,1.465,0.891,0.523,0.127,0.15,Latin America and Caribbean,Latin America and Caribbean,6.440100193,9.948192596,0.92281127,69.00254822,0.892395437,-0.101103112,0.635994136,2.167276382,26,Latin America and Caribbean,6.431,9.966,0.925,69.1,0.896,-0.092,0.59,2.6,31,30,6.474,1.974,URY
Colombia,Latin America and Caribbean,33,6.477,0.91861,1.24018,0.69077,0.53466,0.0512,0.18401,2.85737,Latin America and Caribbean,31,6.481,1.03032,1.02169,0.59659,0.44735,0.05399,0.15626,3.17471,36,6.35699987411499,1.07062232494354,1.4021829366684,0.595027923583984,0.477487415075302,0.149014472961426,0.0466687418520451,2.61606812477112,Latin America and Caribbean,37,6.26,0.96,1.439,0.635,0.531,0.099,0.039,Latin America and Caribbean,43,6.125,0.985,1.41,0.841,0.47,0.099,0.034,Latin America and Caribbean,Latin America and Caribbean,6.163400173,9.500369072,0.884440243,67.69958496,0.836179912,-0.161235645,0.86457181,2.421656609,44,Latin America and Caribbean,6.012,9.557,0.847,68.001,0.837,-0.135,0.841,2.794,52,66,5.781,1.971,COL
Thailand,Southeastern Asia,34,6.455,0.9669,1.26504,0.7385,0.55664,0.03187,0.5763,2.31945,Southeastern Asia,33,6.474,1.0893,1.04477,0.64915,0.49553,0.02833,0.58696,2.5796,32,6.42399978637695,1.12786877155304,1.42579245567322,0.647239029407501,0.580200731754303,0.572123110294342,0.0316127352416515,2.03950834274292,Southeastern Asia,46,6.072,1.016,1.417,0.707,0.637,0.364,0.029,Southeastern Asia,52,6.008,1.05,1.409,0.828,0.557,0.359,0.028,Southeastern Asia,Southeast Asia,5.998799801,9.741791725,0.889973223,67.25059509,0.905063033,0.268685192,0.886272311,1.832384109,54,Southeast Asia,5.985,9.805,0.888,67.401,0.884,0.287,0.895,2.309,54,61,5.891,1.6,THA
Saudi Arabia,Middle East and Northern Africa,35,6.411,1.39541,1.08393,0.72025,0.31048,0.32524,0.13706,2.43872,Middle East and Northern Africa,34,6.379,1.48953,0.84829,0.59267,0.37904,0.30008,0.15457,2.61482,37,6.3439998626709,1.53062355518341,1.28667759895325,0.590148329734802,0.449750572443008,0.147616013884544,0.27343225479126,2.0654296875,Middle East and Northern Africa,33,6.371,1.379,1.331,0.633,0.509,0.098,0.127,Middle East and Northern Africa,28,6.375,1.403,1.357,0.795,0.439,0.08,0.132,Middle East and Northern Africa,Middle East and North Africa,6.406499863,10.79781246,0.874067068,66.30514526,0.854191244,-0.168695062,0.682619512,2.203118801,27,Middle East and North Africa,6.494,10.743,0.891,66.603,0.877,-0.149,0.684,2.668,26,25,6.523,2.075,SAU
Spain,Western Europe,36,6.329,1.23011,1.31379,0.95562,0.45951,0.06398,0.18227,2.12367,Western Europe,37,6.361,1.34253,1.12945,0.87896,0.37545,0.06137,0.17665,2.39663,34,6.40299987792969,1.38439786434174,1.53209090232849,0.888960599899292,0.408781230449677,0.190133571624756,0.0709140971302986,1.92775774002075,Western Europe,36,6.31,1.251,1.538,0.965,0.449,0.142,0.074,Western Europe,30,6.354,1.286,1.484,1.062,0.362,0.153,0.079,Western Europe,Western Europe,6.400899887,10.46292686,0.921125412,74.40270996,0.751989543,-0.050961714,0.765859902,1.997088432,28,Western Europe,6.491,10.571,0.932,74.7,0.761,-0.081,0.745,2.513,27,29,6.476,1.893,ESP
Malta,Western Europe,37,6.302,1.2074,1.30203,0.88721,0.60365,0.13586,0.51752,1.6488,Western Europe,30,6.488,1.30782,1.09879,0.80315,0.54994,0.17554,0.56237,1.99032,27,6.52699995040894,1.34327983856201,1.48841166496277,0.821944236755371,0.588767051696777,0.574730575084686,0.153066068887711,1.55686283111572,Western Europe,22,6.627,1.27,1.525,0.884,0.645,0.376,0.142,Western Europe,22,6.726,1.3,1.52,0.999,0.564,0.375,0.151,Western Europe,Western Europe,6.772799969,10.53383827,0.93037951,72.19999695,0.924911439,0.214965805,0.658547282,1.952012062,22,Western Europe,6.602,10.674,0.931,72.2,0.927,0.133,0.653,2.268,23,33,6.447,1.631,MLT
El Salvador,Latin America and Caribbean,42,6.13,0.76454,1.02507,0.67737,0.4035,0.11776,0.10692,3.035,Latin America and Caribbean,46,6.068,0.8737,0.80975,0.596,0.37269,0.10613,0.08877,3.22134,45,6.00299978256226,0.909784495830536,1.18212509155273,0.596018552780151,0.432452529668808,0.0782579854130745,0.0899809598922729,2.7145938873291,Latin America and Caribbean,40,6.167,0.806,1.231,0.639,0.461,0.065,0.082,Latin America and Caribbean,35,6.253,0.794,1.242,0.789,0.43,0.093,0.074,Latin America and Caribbean,Latin America and Caribbean,6.34829998,8.909075737,0.806092262,66.10826111,0.833805263,-0.121072978,0.754319906,2.937191725,34,Latin America and Caribbean,6.061,9.054,0.762,66.402,0.888,-0.11,0.688,3.085,49,49,6.12,2.514,SLV
Uzbekistan,Central and Eastern Europe,44,6.003,0.63244,1.34043,0.59772,0.65821,0.30826,0.22837,2.23741,Central and Eastern Europe,49,5.987,0.73591,1.1681,0.50163,0.60848,0.28333,0.34326,2.34638,47,5.97100019454956,0.786441087722778,1.54896914958954,0.498272627592087,0.658248662948608,0.415983647108078,0.246528223156929,1.81691360473633,Central and Eastern Europe,44,6.096,0.719,1.584,0.605,0.724,0.328,0.259,Central and Eastern Europe,41,6.174,0.745,1.529,0.756,0.631,0.322,0.24,Central and Eastern Europe,Commonwealth of Independent States,6.257599831,8.740371704,0.926595807,65.10757446,0.974998116,0.248427153,0.501497388,2.073346615,38,Commonwealth of Independent States,6.179,8.836,0.918,65.255,0.97,0.311,0.515,2.477,42,53,6.063,1.913,UZB
Slovakia,Central and Eastern Europe,45,5.995,1.16891,1.26999,0.78902,0.31751,0.03431,0.16893,2.24639,Central and Eastern Europe,45,6.078,1.27973,1.08268,0.70367,0.23391,0.02947,0.13837,2.61065,40,6.09800004959106,1.32539355754852,1.50505924224854,0.712732911109924,0.295817464590073,0.136544480919838,0.0242108516395092,2.09777665138245,Central and Eastern Europe,39,6.173,1.21,1.537,0.776,0.354,0.118,0.014,Central and Eastern Europe,38,6.198,1.246,1.504,0.881,0.334,0.121,0.014,Central and Eastern Europe,Central and Eastern Europe,6.280600071,10.34774971,0.922493756,68.90634155,0.749952674,-0.124409303,0.918096125,2.256422043,37,Central and Eastern Europe,6.331,10.369,0.936,69.201,0.766,-0.124,0.911,2.714,34,35,6.391,2.094,SVK
Japan,Eastern Asia,46,5.987,1.27074,1.25712,0.99111,0.49615,0.1806,0.10705,1.68435,Eastern Asia,53,5.921,1.38007,1.06054,0.91491,0.46761,0.18985,0.10224,1.80584,51,5.92000007629395,1.41691517829895,1.43633782863617,0.913475871086121,0.505625545978546,0.12057276815176,0.163760736584663,1.36322355270386,Eastern Asia,54,5.915,1.294,1.462,0.988,0.553,0.079,0.15,Eastern Asia,58,5.886,1.327,1.419,1.088,0.445,0.069,0.14,Eastern Asia,East Asia,5.870800018,10.57968903,0.883545935,75.00096893,0.809961379,-0.246910349,0.654558063,1.486200333,62,East Asia,5.94,10.611,0.884,75.1,0.796,-0.258,0.638,2.048,56,54,6.039,1.487,JPN
Ecuador,Latin America and Caribbean,48,5.975,0.86402,0.99903,0.79075,0.48574,0.1809,0.11541,2.53942,Latin America and Caribbean,51,5.976,0.97306,0.85974,0.68613,0.4027,0.18037,0.10074,2.77366,44,6.00799989700317,1.00082039833069,1.28616881370544,0.685636222362518,0.4551981985569,0.150112465023994,0.140134647488594,2.29035258293152,Latin America and Caribbean,48,5.973,0.889,1.33,0.736,0.556,0.114,0.12,Latin America and Caribbean,50,6.028,0.912,1.312,0.868,0.498,0.126,0.087,Latin America and Caribbean,Latin America and Caribbean,5.925199986,9.246058464,0.836418986,68.50003815,0.859828949,-0.127014965,0.801215112,2.254933834,58,Latin America and Caribbean,5.764,9.313,0.821,68.8,0.842,-0.124,0.843,2.653,66,76,5.533,1.866,ECU
Bahrain,Middle East and Northern Africa,49,5.96,1.32376,1.21624,0.74716,0.45492,0.306,0.17362,1.73797,Middle East and Northern Africa,42,6.218,1.44024,0.94397,0.65696,0.47375,0.25772,0.17147,2.27405,41,6.08699989318848,1.48841226100922,1.32311046123505,0.653133034706116,0.536746919155121,0.172668486833572,0.257042169570923,1.65614938735962,Middle East and Northern Africa,43,6.105,1.338,1.366,0.698,0.594,0.243,0.123,Middle East and Northern Africa,37,6.199,1.362,1.368,0.871,0.536,0.255,0.11,Middle East and Northern Africa,Middle East and North Africa,6.227300167,10.67638016,0.876342118,68.5,0.905855775,0.13372919,0.7393471,1.751917362,40,Middle East and North Africa,6.647,10.669,0.862,69.495,0.925,0.089,0.722,2.631,22,21,6.647,2.092,BHR
Italy,Western Europe,50,5.948,1.25114,1.19777,0.95446,0.26236,0.02901,0.22823,2.02518,Western Europe,50,5.977,1.35495,1.04167,0.85102,0.18827,0.02556,0.16684,2.34918,48,5.96400022506714,1.39506661891937,1.44492328166962,0.853144347667694,0.256450712680817,0.17278964817524,0.0280280914157629,1.81331205368042,Western Europe,47,6.0,1.264,1.501,0.946,0.281,0.137,0.028,Western Europe,36,6.223,1.294,1.488,1.039,0.231,0.158,0.03,Western Europe,Western Europe,6.38740015,10.48183632,0.889878571,73.60168457,0.66465199,-0.043460999,0.873404682,2.249505997,30,Western Europe,6.483,10.623,0.88,73.8,0.693,-0.084,0.866,2.794,28,31,6.467,2.222,ITA
Bolivia,Latin America and Caribbean,51,5.89,0.68133,0.97841,0.5392,0.57414,0.088,0.20536,2.82334,Latin America and Caribbean,59,5.822,0.79422,0.83779,0.4697,0.50961,0.07746,0.21698,2.91635,58,5.82299995422363,0.833756566047668,1.22761905193329,0.473630249500275,0.558732926845551,0.22556072473526,0.0604777261614799,2.44327902793884,Latin America and Caribbean,62,5.752,0.751,1.223,0.508,0.606,0.141,0.054,Latin America and Caribbean,61,5.779,0.776,1.209,0.706,0.511,0.137,0.064,Latin America and Caribbean,Latin America and Caribbean,5.747499943,8.851115227,0.803108692,63.6004715,0.875873327,-0.09168113,0.822606206,2.425928593,65,Latin America and Caribbean,5.716,9.046,0.81,63.901,0.875,-0.077,0.839,2.805,69,71,5.6,2.107,BOL
Moldova,Central and Eastern Europe,52,5.889,0.59448,1.01528,0.61826,0.32818,0.01615,0.20951,3.10712,Central and Eastern Europe,55,5.897,0.69177,0.83132,0.52309,0.25202,0.01903,0.19997,3.38007,56,5.83799982070923,0.728870630264282,1.25182557106018,0.589465200901031,0.240729048848152,0.208779126405716,0.0100912861526012,2.80780839920044,Central and Eastern Europe,67,5.64,0.657,1.301,0.62,0.232,0.171,0.0,Central and Eastern Europe,71,5.529,0.685,1.328,0.739,0.245,0.181,0.0,Central and Eastern Europe,Commonwealth of Independent States,5.607500076,8.776714325,0.843313575,65.01301575,0.721609175,-0.037741039,0.913314283,2.370968342,70,Commonwealth of Independent States,5.766,9.454,0.857,65.699,0.822,-0.079,0.918,2.665,65,62,5.857,2.142,MDA
Paraguay,Latin America and Caribbean,53,5.878,0.75985,1.30477,0.66098,0.53899,0.08242,0.3424,2.18896,Latin America and Caribbean,70,5.538,0.89373,1.11111,0.58295,0.46235,0.07396,0.25296,2.16091,70,5.49300003051758,0.932537317276001,1.50728487968445,0.579250693321228,0.473507791757584,0.224150657653809,0.091065913438797,1.6853334903717,Latin America and Caribbean,64,5.681,0.835,1.522,0.615,0.541,0.162,0.074,Latin America and Caribbean,63,5.743,0.855,1.475,0.777,0.514,0.184,0.08,Latin America and Caribbean,Latin America and Caribbean,5.692100048,9.389982224,0.898727894,65.63993835,0.885923445,0.007997713,0.834788501,1.83412528,67,Latin America and Caribbean,5.653,9.448,0.893,65.9,0.876,0.028,0.882,2.306,71,73,5.578,1.555,PRY
Kazakhstan,Central and Eastern Europe,54,5.855,1.12254,1.12241,0.64368,0.51649,0.08454,0.11827,2.24729,Central and Eastern Europe,54,5.919,1.22943,0.95544,0.57386,0.4052,0.11132,0.15011,2.49325,60,5.81899976730347,1.28455626964569,1.38436901569366,0.606041550636292,0.437454283237457,0.201964423060417,0.119282886385918,1.78489255905151,Central and Eastern Europe,60,5.79,1.143,1.516,0.631,0.454,0.148,0.121,Central and Eastern Europe,60,5.809,1.173,1.508,0.729,0.41,0.146,0.096,Central and Eastern Europe,Commonwealth of Independent States,6.057899952,10.11465836,0.934744895,64.60996246,0.811601937,-0.068488635,0.764490843,2.021602631,50,Commonwealth of Independent States,6.152,10.155,0.952,65.2,0.853,-0.069,0.733,2.446,45,40,6.234,1.86,KAZ
Slovenia,Central and Eastern Europe,55,5.848,1.18498,1.27385,0.87337,0.60855,0.03787,0.25328,1.61583,Central and Eastern Europe,63,5.768,1.29947,1.05613,0.79151,0.53164,0.03635,0.25738,1.79522,62,5.75799989700317,1.3412059545517,1.45251882076263,0.790828227996826,0.572575807571411,0.242649093270302,0.0451289787888527,1.31331729888916,Central and Eastern Europe,51,5.948,1.219,1.506,0.856,0.633,0.16,0.051,Central and Eastern Europe,44,6.118,1.258,1.523,0.953,0.564,0.144,0.057,Central and Eastern Europe,Central and Eastern Europe,6.363399982,10.39232254,0.939575672,71.1029892,0.936142623,-0.080603383,0.817071021,1.888586521,33,Central and Eastern Europe,6.461,10.529,0.948,71.4,0.949,-0.101,0.806,2.388,29,22,6.63,1.885,SVN
Lithuania,Central and Eastern Europe,56,5.833,1.14723,1.25745,0.73128,0.21342,0.01031,0.02641,2.44649,Central and Eastern Europe,60,5.813,1.2692,1.06411,0.64674,0.18929,0.0182,0.02025,2.60525,52,5.90199995040894,1.31458234786987,1.47351610660553,0.62894994020462,0.234231784939766,0.010164656676352,0.0118656428530812,2.22844052314758,Central and Eastern Europe,50,5.952,1.197,1.527,0.716,0.35,0.026,0.006,Central and Eastern Europe,42,6.149,1.238,1.515,0.818,0.291,0.043,0.042,Central and Eastern Europe,Central and Eastern Europe,6.215499878,10.34362602,0.926107109,67.29407501,0.747381449,-0.219725296,0.809583843,2.238146067,41,Central and Eastern Europe,6.255,10.499,0.935,67.906,0.773,-0.203,0.826,2.624,38,34,6.446,2.153,LTU
Nicaragua,Latin America and Caribbean,57,5.828,0.59325,1.14184,0.74314,0.55475,0.19317,0.27815,2.32407,Latin America and Caribbean,48,5.992,0.69384,0.89521,0.65213,0.46582,0.16292,0.29773,2.82428,43,6.07100009918213,0.737299203872681,1.28721570968628,0.653095960617065,0.447551846504211,0.301674216985703,0.130687981843948,2.51393055915833,Latin America and Caribbean,41,6.141,0.668,1.319,0.7,0.527,0.208,0.128,Latin America and Caribbean,45,6.105,0.694,1.325,0.835,0.435,0.2,0.127,Latin America and Caribbean,Latin America and Caribbean,6.13710022,8.493160248,0.857497036,67.50717926,0.863902867,0.020959141,0.665950119,2.496081114,46,Latin America and Caribbean,5.972,8.62,0.864,67.657,0.836,0.02,0.664,2.841,55,45,6.165,2.418,NIC
Peru,Latin America and Caribbean,58,5.824,0.90019,0.97459,0.73017,0.41496,0.05989,0.14982,2.5945,Latin America and Caribbean,64,5.743,0.99602,0.81255,0.62994,0.37502,0.05292,0.14527,2.73117,63,5.71500015258789,1.03522527217865,1.21877038478851,0.630166113376617,0.450002878904343,0.126819714903831,0.0470490865409374,2.20726943016052,Latin America and Caribbean,65,5.663,0.934,1.249,0.674,0.53,0.092,0.034,Latin America and Caribbean,65,5.697,0.96,1.274,0.854,0.455,0.083,0.027,Latin America and Caribbean,Latin America and Caribbean,5.796800137,9.456313133,0.831075251,68.10023499,0.824766099,-0.16238822,0.893714964,2.213499546,63,Latin America and Caribbean,5.84,9.458,0.832,68.25,0.822,-0.154,0.891,2.744,63,74,5.559,1.89,PER
Poland,Central and Eastern Europe,60,5.791,1.12555,1.27948,0.77903,0.53122,0.04212,0.16759,1.86565,Central and Eastern Europe,57,5.835,1.24585,1.04685,0.69058,0.4519,0.055,0.14443,2.20035,46,5.97300004959106,1.29178786277771,1.44571197032928,0.699475347995758,0.520342111587524,0.158465966582298,0.0593078061938286,1.79772281646729,Central and Eastern Europe,42,6.123,1.176,1.448,0.781,0.546,0.108,0.064,Central and Eastern Europe,40,6.182,1.206,1.438,0.884,0.483,0.117,0.05,Central and Eastern Europe,Central and Eastern Europe,6.186299801,10.26512432,0.874257445,69.31113434,0.862055779,-0.205084071,0.686927021,2.056797981,43,Central and Eastern Europe,6.166,10.382,0.898,69.702,0.841,-0.165,0.735,2.438,44,48,6.123,1.693,POL
Malaysia,Southeastern Asia,61,5.77,1.12486,1.07023,0.72394,0.53024,0.10501,0.33075,1.88541,Southeastern Asia,47,6.005,1.25142,0.88025,0.62366,0.39031,0.09081,0.41474,2.35384,42,6.08400011062622,1.29121541976929,1.28464603424072,0.618784427642822,0.402264982461929,0.416608929634094,0.0656007081270218,2.00444889068604,Southeastern Asia,35,6.322,1.161,1.258,0.669,0.356,0.311,0.059,Southeastern Asia,80,5.339,1.221,1.171,0.828,0.508,0.26,0.024,Southeastern Asia,Southeast Asia,5.384300232,10.26251888,0.816509426,67.10215759,0.894626856,0.114726797,0.839302301,1.319420815,82,Southeast Asia,5.384,10.238,0.817,67.102,0.895,0.125,0.839,1.784,81,70,5.711,1.471,MYS
Croatia,Central and Eastern Europe,62,5.759,1.08254,0.79624,0.78805,0.25883,0.0243,0.05444,2.75414,Central and Eastern Europe,74,5.488,1.18649,0.60809,0.70524,0.23907,0.04002,0.18434,2.52462,77,5.29300022125244,1.22255623340607,0.96798300743103,0.701288521289825,0.255772292613983,0.248002976179123,0.0431031100451946,1.85449242591858,Central and Eastern Europe,82,5.321,1.115,1.161,0.737,0.38,0.12,0.039,Central and Eastern Europe,75,5.432,1.155,1.266,0.914,0.296,0.119,0.022,Central and Eastern Europe,Central and Eastern Europe,5.504700184,10.07087517,0.874623716,70.21490479,0.714838803,-0.128538325,0.916495264,1.676029205,79,Central and Eastern Europe,5.882,10.217,0.924,70.799,0.754,-0.118,0.939,2.325,60,47,6.125,1.884,HRV
Russia,Central and Eastern Europe,64,5.716,1.13764,1.23617,0.66926,0.36679,0.03005,0.00199,2.27394,Central and Eastern Europe,56,5.856,1.23228,1.05261,0.58991,0.32682,0.03586,0.02736,2.59115,49,5.96299982070923,1.28177809715271,1.46928238868713,0.547349333763123,0.373783111572266,0.0522638224065304,0.0329628810286522,2.20560741424561,Central and Eastern Europe,59,5.81,1.151,1.479,0.599,0.399,0.065,0.025,Central and Eastern Europe,68,5.648,1.183,1.452,0.726,0.334,0.082,0.031,Central and Eastern Europe,Commonwealth of Independent States,5.546000004,10.12887192,0.903150737,64.10045624,0.729892612,-0.151153743,0.864802599,1.815716743,73,Commonwealth of Independent States,5.477,10.189,0.903,64.703,0.718,-0.111,0.845,2.148,76,80,5.459,1.494,RUS
Jamaica,Latin America and Caribbean,65,5.709,0.81038,1.15102,0.68741,0.50442,0.02299,0.2123,2.32038,Latin America and Caribbean,73,5.51,0.89333,0.96372,0.59469,0.43597,0.04294,0.22245,2.35682,76,5.31099987030029,0.925579309463501,1.36821806430817,0.641022384166718,0.474307239055634,0.233818337321281,0.0552677810192108,1.61232566833496,Latin America and Caribbean,56,5.89,0.819,1.493,0.693,0.575,0.096,0.031,Latin America and Caribbean,56,5.89,0.831,1.478,0.831,0.49,0.107,0.028,Latin America and Caribbean,Latin America and Caribbean,5.889800072,9.006250381,0.915701866,67.09999847,0.858068526,-0.125106767,0.888890028,2.214436531,60,Latin America and Caribbean,6.309,9.186,0.877,67.5,0.89,-0.137,0.884,3.135,37,63,5.85,2.164,JAM
Cyprus,Western Europe,67,5.689,1.20813,0.89318,0.92356,0.40672,0.06146,0.30638,1.88931,Western Europe,69,5.546,1.31857,0.70697,0.8488,0.29507,0.05228,0.27906,2.04497,65,5.62099981307983,1.35593807697296,1.13136327266693,0.84471470117569,0.355111539363861,0.271254301071167,0.0412379764020443,1.62124919891357,Western Europe,61,5.762,1.229,1.191,0.909,0.423,0.202,0.035,Western Europe,49,6.046,1.263,1.223,1.042,0.406,0.19,0.041,Western Europe,Western Europe,6.15899992,10.40570259,0.805996239,73.70222473,0.779858291,0.043731496,0.856271744,2.032334805,45,Western Europe,6.223,10.576,0.802,73.898,0.763,-0.015,0.844,2.578,39,41,6.221,2.044,CYP
Algeria,Middle East and Northern Africa,68,5.605,0.93929,1.07772,0.61766,0.28579,0.17383,0.07822,2.43209,Middle East and Northern Africa,38,6.355,1.05266,0.83309,0.61804,0.21006,0.16157,0.07044,3.40904,53,5.87200021743774,1.09186446666718,1.1462174654007,0.617584645748138,0.233335807919502,0.0694366469979286,0.146096110343933,2.56760382652283,Middle East and Northern Africa,84,5.295,0.979,1.154,0.687,0.077,0.055,0.135,Middle East and Northern Africa,88,5.211,1.002,1.16,0.785,0.086,0.073,0.114,Middle East and Northern Africa,Middle East and North Africa,5.005099773,9.537964821,0.803385139,65.90517426,0.466610909,-0.121105164,0.735485137,1.840811729,100,Middle East and North Africa,4.887,9.342,0.802,66.005,0.48,-0.067,0.752,2.242,109,96,5.122,1.744,DZA
Kosovo,Central and Eastern Europe,69,5.589,0.80148,0.81198,0.63132,0.24749,0.04741,0.2831,2.76579,Central and Eastern Europe,77,5.401,0.90145,0.66062,0.54,0.14396,0.06547,0.27992,2.80998,78,5.27899980545044,0.951484382152557,1.13785350322723,0.541452050209045,0.260287940502167,0.319931447505951,0.0574716180562973,2.01054072380066,Central and Eastern Europe,66,5.662,0.855,1.23,0.578,0.448,0.274,0.023,Central and Eastern Europe,46,6.1,0.882,1.232,0.758,0.489,0.262,0.006,Central and Eastern Europe,Central and Eastern Europe,6.325200081,9.204429626,0.820726514,63.88555527,0.861535907,0.190933764,0.922328293,2.736902714,35,Central and Eastern Europe,6.372,9.318,0.821,63.813,0.869,0.257,0.917,3.182,33,32,6.455,2.631,KSV
Mauritius,Sub-Saharan Africa,71,5.477,1.00761,0.98521,0.7095,0.56066,0.07521,0.37744,1.76145,Sub-Saharan Africa,66,5.648,1.14372,0.75695,0.66189,0.46145,0.05203,0.36951,2.20223,64,5.62900018692017,1.18939554691315,1.20956099033356,0.638007462024689,0.491247326135635,0.360933750867844,0.0421815551817417,1.6975839138031,Sub-Saharan Africa,55,5.891,1.09,1.387,0.684,0.584,0.245,0.05,Sub-Saharan Africa,57,5.888,1.12,1.402,0.798,0.498,0.215,0.06,Sub-Saharan Africa,Sub-Saharan Africa,6.101299763,9.956786156,0.910357833,66.40434265,0.889534533,-0.018318573,0.805343091,2.006720543,49,Sub-Saharan Africa,6.049,10.008,0.905,66.701,0.867,-0.054,0.789,2.462,50,52,6.071,1.969,MUS
Estonia,Central and Eastern Europe,73,5.429,1.15174,1.22791,0.77361,0.44888,0.15184,0.0868,1.58782,Central and Eastern Europe,72,5.517,1.27964,1.05163,0.68098,0.41511,0.18519,0.08423,1.81985,66,5.61100006103516,1.32087934017181,1.47667109966278,0.695168316364288,0.479131430387497,0.0988908112049103,0.183248922228813,1.35750865936279,Central and Eastern Europe,63,5.739,1.2,1.532,0.737,0.553,0.086,0.174,Central and Eastern Europe,55,5.893,1.237,1.528,0.874,0.495,0.103,0.161,Central and Eastern Europe,Central and Eastern Europe,6.021800041,10.34001732,0.934729993,68.60495758,0.87770915,-0.111697771,0.623073816,1.629928112,51,Central and Eastern Europe,6.189,10.481,0.941,68.8,0.909,-0.106,0.527,2.103,40,36,6.341,1.442,EST
Indonesia,Southeastern Asia,74,5.399,0.82827,1.08708,0.63793,0.46611,0.0,0.51535,1.86399,Southeastern Asia,79,5.314,0.95104,0.87625,0.49374,0.39237,0.00322,0.56521,2.03171,81,5.26200008392334,0.995538592338562,1.27444469928741,0.492345720529556,0.443323463201523,0.611704587936401,0.0153171354904771,1.42947697639465,Southeastern Asia,96,5.093,0.899,1.215,0.522,0.538,0.484,0.018,Southeastern Asia,92,5.192,0.931,1.203,0.66,0.491,0.498,0.028,Southeastern Asia,Southeast Asia,5.285600185,9.36975193,0.808379889,62.15584946,0.870614409,0.519586504,0.876296401,1.479573488,84,Southeast Asia,5.345,9.365,0.811,62.236,0.873,0.542,0.867,1.987,82,87,5.24,1.3,IDN
Vietnam,Southeastern Asia,75,5.36,0.63216,0.91226,0.74676,0.59444,0.10441,0.1686,2.20173,Southeastern Asia,96,5.061,0.74037,0.79117,0.66157,0.55954,0.11556,0.25075,1.9418,94,5.07399988174438,0.788547575473785,1.27749133110046,0.652168989181519,0.571055591106415,0.234968051314354,0.0876332372426987,1.46231865882874,Southeastern Asia,95,5.103,0.715,1.365,0.702,0.618,0.177,0.079,Southeastern Asia,94,5.175,0.741,1.346,0.851,0.543,0.147,0.073,Southeastern Asia,Southeast Asia,5.353499889,8.809545517,0.849987149,67.9527359,0.939592957,-0.094533332,0.79642123,1.685977936,83,Southeast Asia,5.411,8.973,0.85,68.034,0.94,-0.098,0.796,2.211,79,77,5.485,1.735,VNM
Turkey,Middle East and Northern Africa,76,5.332,1.06098,0.94632,0.73172,0.22815,0.15746,0.12253,2.08528,Middle East and Northern Africa,78,5.389,1.16492,0.87717,0.64718,0.23889,0.12348,0.04707,2.29074,69,5.5,1.19827437400818,1.33775317668915,0.637605607509613,0.300740599632263,0.0466930419206619,0.0996715798974037,1.87927794456482,Middle East and Northern Africa,74,5.483,1.148,1.38,0.686,0.324,0.106,0.109,Middle East and Northern Africa,79,5.373,1.183,1.36,0.808,0.195,0.083,0.106,Middle East and Northern Africa,Middle East and North Africa,5.131800175,10.12941933,0.826313555,66.90281677,0.608830452,-0.171046436,0.748197377,1.564816713,93,Middle East and North Africa,4.948,10.24,0.822,67.199,0.576,-0.139,0.776,1.852,104,112,4.744,1.059,TUR
Kyrgyzstan,Central and Eastern Europe,77,5.286,0.47428,1.15115,0.65088,0.43477,0.04232,0.3003,2.2327,Central and Eastern Europe,85,5.185,0.56044,0.95434,0.55449,0.40212,0.04762,0.38432,2.28136,98,5.00400018692017,0.596220076084137,1.39423859119415,0.553457796573639,0.454943388700485,0.42858037352562,0.0394391790032387,1.53672313690186,Central and Eastern Europe,92,5.131,0.53,1.416,0.594,0.54,0.281,0.035,Central and Eastern Europe,86,5.261,0.551,1.438,0.723,0.508,0.3,0.023,Central and Eastern Europe,Commonwealth of Independent States,5.541500092,8.148405075,0.887228489,64.10601044,0.909374893,0.154772058,0.888396084,2.060206652,74,Commonwealth of Independent States,5.744,8.538,0.893,64.401,0.935,0.119,0.908,2.648,67,64,5.828,2.087,KGZ
Nigeria,Sub-Saharan Africa,78,5.268,0.65435,0.90432,0.16007,0.34334,0.0403,0.27233,2.89319,Sub-Saharan Africa,103,4.875,0.75216,0.64498,0.05108,0.27854,0.0305,0.23219,2.88586,95,5.07399988174438,0.783756256103516,1.21577048301697,0.0569157302379608,0.394952565431595,0.230947196483612,0.0261215660721064,2.36539053916931,Sub-Saharan Africa,91,5.155,0.689,1.172,0.048,0.462,0.201,0.032,Sub-Saharan Africa,85,5.265,0.696,1.111,0.245,0.426,0.215,0.041,Sub-Saharan Africa,Sub-Saharan Africa,4.724100113,8.57662487,0.73721689,49.86190796,0.759578407,0.033745807,0.861874342,2.219635487,115,Sub-Saharan Africa,4.759,8.533,0.74,50.102,0.737,0.037,0.878,2.736,116,118,4.552,1.784,NGA
Pakistan,Southern Asia,81,5.194,0.59543,0.41411,0.51466,0.12102,0.10464,0.33671,3.10709,Southern Asia,92,5.132,0.68816,0.26135,0.40306,0.14622,0.1388,0.31185,3.18286,80,5.26900005340576,0.72688353061676,0.672690689563751,0.402047783136368,0.23521526157856,0.315446019172668,0.124348066747189,2.79248929023743,Southern Asia,75,5.472,0.652,0.81,0.424,0.334,0.216,0.113,Southern Asia,67,5.653,0.677,0.886,0.535,0.313,0.22,0.098,Southern Asia,South Asia,5.69329977,8.482727051,0.689062297,58.25313568,0.734833717,0.04489987,0.745705426,2.976876736,66,South Asia,4.934,8.458,0.651,58.709,0.726,0.098,0.787,2.784,105,121,4.516,1.94,PAK
Jordan,Middle East and Northern Africa,82,5.192,0.90198,1.05392,0.69639,0.40661,0.14293,0.11053,1.87996,Middle East and Northern Africa,80,5.303,0.99673,0.86216,0.60712,0.36023,0.13297,0.14262,2.20142,74,5.33599996566772,0.991012394428253,1.23908889293671,0.604590058326721,0.418421149253845,0.172170460224152,0.11980327218771,1.79117655754089,Middle East and Northern Africa,90,5.161,0.822,1.265,0.645,0.468,0.13,0.134,Middle East and Northern Africa,101,4.906,0.837,1.225,0.815,0.383,0.11,0.13,Middle East and Northern Africa,Middle East and North Africa,4.633399963,9.025999069,0.80216372,66.79975128,0.75104779,-0.162565202,0.700344324,1.262258053,119,Middle East and North Africa,4.395,9.182,0.767,67.0,0.755,-0.167,0.705,1.553,127,134,4.152,0.695,JOR
Montenegro,Central and Eastern Europe,82,5.192,0.97438,0.90557,0.72521,0.1826,0.14296,0.1614,2.10017,Central and Eastern Europe,88,5.161,1.07838,0.74173,0.63533,0.15111,0.12721,0.17191,2.25531,83,5.23699998855591,1.12112903594971,1.23837649822235,0.667464673519135,0.194989055395126,0.197911024093628,0.0881741940975189,1.72919154167175,Central and Eastern Europe,81,5.347,1.017,1.279,0.729,0.259,0.111,0.081,Central and Eastern Europe,73,5.523,1.051,1.361,0.871,0.197,0.142,0.08,Central and Eastern Europe,Central and Eastern Europe,5.54610014,9.751860619,0.855314612,68.50534821,0.649565637,-0.075600356,0.783121586,1.880565882,72,Central and Eastern Europe,5.581,9.94,0.858,68.699,0.708,-0.034,0.812,2.254,72,75,5.547,1.619,MNE
China,Eastern Asia,84,5.14,0.89012,0.94675,0.81658,0.51697,0.02781,0.08185,1.8604,Eastern Asia,83,5.245,1.0278,0.79381,0.73561,0.44012,0.02745,0.04959,2.17087,79,5.27299976348877,1.08116579055786,1.16083741188049,0.741415500640869,0.472787708044052,0.0288068410009146,0.0227942746132612,1.76493859291077,Eastern Asia,86,5.246,0.989,1.142,0.799,0.597,0.029,0.103,Eastern Asia,93,5.191,1.029,1.125,0.893,0.521,0.058,0.1,Eastern Asia,East Asia,5.123899937,9.688568115,0.798760593,69.2891922,0.898517907,-0.18142575,0.7539711,1.336181879,94,East Asia,5.339,9.673,0.811,69.593,0.904,-0.146,0.755,1.982,84,72,5.585,1.516,CHN
Zambia,Sub-Saharan Africa,85,5.129,0.47038,0.91612,0.29924,0.48827,0.12468,0.19591,2.6343,Sub-Saharan Africa,106,4.795,0.61202,0.6376,0.23573,0.42662,0.11479,0.17866,2.58991,116,4.51399993896484,0.636406779289246,1.00318729877472,0.257835894823074,0.461603492498398,0.249580144882202,0.0782135501503944,1.82670545578003,Sub-Saharan Africa,125,4.377,0.562,1.047,0.295,0.503,0.221,0.082,Sub-Saharan Africa,138,4.107,0.578,1.058,0.426,0.431,0.247,0.087,Sub-Saharan Africa,Sub-Saharan Africa,3.759399891,8.224720001,0.698824465,55.29937744,0.806500256,0.078037128,0.801289678,1.134339333,141,Sub-Saharan Africa,4.073,8.145,0.708,55.809,0.782,0.061,0.823,1.975,137,137,3.76,1.135,ZMB
Romania,Central and Eastern Europe,86,5.124,1.04345,0.88588,0.7689,0.35068,0.00649,0.13748,1.93129,Central and Eastern Europe,71,5.528,1.1697,0.72803,0.67602,0.36712,0.00679,0.12889,2.45184,57,5.82499980926514,1.21768391132355,1.15009129047394,0.685158312320709,0.457003742456436,0.133519917726517,0.00438790069893,2.17683148384094,Central and Eastern Europe,52,5.945,1.116,1.219,0.726,0.528,0.088,0.001,Central and Eastern Europe,48,6.07,1.162,1.232,0.825,0.462,0.083,0.005,Central and Eastern Europe,Central and Eastern Europe,6.123700142,10.107584,0.825161517,67.20723724,0.842823207,-0.19781521,0.934300244,2.412749767,47,Central and Eastern Europe,6.14,10.284,0.832,67.355,0.845,-0.219,0.938,2.83,46,28,6.477,2.446,ROU
Serbia,Central and Eastern Europe,87,5.123,0.92053,1.00964,0.74836,0.20107,0.02617,0.19231,2.025,Central and Eastern Europe,86,5.177,1.03437,0.81329,0.6458,0.15718,0.04339,0.20737,2.27539,73,5.39499998092651,1.06931757926941,1.25818979740143,0.65078467130661,0.208715528249741,0.220125883817673,0.0409037806093693,1.94708442687988,Central and Eastern Europe,78,5.398,0.975,1.369,0.685,0.288,0.134,0.043,Central and Eastern Europe,70,5.603,1.004,1.383,0.854,0.282,0.137,0.039,Central and Eastern Europe,Central and Eastern Europe,5.77820015,9.680980682,0.881475747,68.21020508,0.726495862,-0.073676221,0.843509018,2.029040098,64,Central and Eastern Europe,6.078,9.787,0.873,68.6,0.778,0.002,0.835,2.682,48,43,6.178,2.031,SRB
Portugal,Western Europe,88,5.102,1.15991,1.13935,0.87519,0.51469,0.01078,0.13719,1.26462,Western Europe,94,5.123,1.27607,0.94367,0.79363,0.44727,0.01521,0.11691,1.53015,89,5.19500017166138,1.3151752948761,1.36704301834106,0.795843541622162,0.498465299606323,0.0951027125120163,0.0158694516867399,1.10768270492554,Western Europe,77,5.41,1.188,1.429,0.884,0.562,0.055,0.017,Western Europe,66,5.693,1.221,1.431,0.999,0.508,0.047,0.025,Western Europe,Western Europe,5.910900116,10.26374245,0.886590719,72.40202332,0.888747811,-0.220714301,0.892629504,1.752558708,59,Western Europe,5.929,10.421,0.879,72.6,0.892,-0.244,0.887,2.225,58,56,6.016,1.691,PRT
Latvia,Central and Eastern Europe,89,5.098,1.11312,1.09562,0.72437,0.29671,0.06332,0.18226,1.62215,Central and Eastern Europe,68,5.56,1.21788,0.95025,0.63952,0.27996,0.0889,0.17445,2.20859,54,5.84999990463257,1.26074862480164,1.40471494197845,0.638566970825195,0.325707912445068,0.153074786067009,0.0738427266478539,1.99365520477295,Central and Eastern Europe,53,5.933,1.148,1.454,0.671,0.363,0.092,0.066,Central and Eastern Europe,53,5.94,1.187,1.465,0.812,0.264,0.075,0.064,Central and Eastern Europe,Central and Eastern Europe,5.949999809,10.17531967,0.918288589,66.8074646,0.671237648,-0.186888844,0.795580089,2.121283054,57,Central and Eastern Europe,6.032,10.315,0.927,67.1,0.715,-0.162,0.8,2.536,51,42,6.18,1.923,LVA
Philippines,Southeastern Asia,90,5.073,0.70532,1.03516,0.58114,0.62545,0.12279,0.24991,1.7536,Southeastern Asia,82,5.279,0.81217,0.87877,0.47036,0.54854,0.11757,0.21674,2.23484,72,5.42999982833862,0.85769921541214,1.25391757488251,0.468009054660797,0.585214674472809,0.193513423204422,0.0993318930268288,1.97260475158691,Southeastern Asia,71,5.524,0.775,1.312,0.513,0.643,0.12,0.105,Southeastern Asia,69,5.631,0.807,1.293,0.657,0.558,0.117,0.107,Southeastern Asia,Southeast Asia,6.006000042,8.993545532,0.846730053,61.92676163,0.915463448,-0.105463006,0.733634114,2.501741886,52,Southeast Asia,5.88,9.076,0.83,62.0,0.917,-0.097,0.742,2.872,61,60,5.904,2.283,PHL
Morocco,Middle East and Northern Africa,92,5.013,0.73479,0.64095,0.60954,0.41691,0.08546,0.07172,2.45373,Middle East and Northern Africa,90,5.151,0.84058,0.38595,0.59471,0.25646,0.08404,0.04053,2.94891,84,5.2350001335144,0.878114581108093,0.774864435195923,0.59771066904068,0.408158332109451,0.0322099551558495,0.0877631828188896,2.45618939399719,Middle East and Northern Africa,85,5.254,0.779,0.797,0.669,0.46,0.026,0.074,Middle East and Northern Africa,89,5.208,0.801,0.782,0.782,0.418,0.036,0.076,Middle East and Northern Africa,Middle East and North Africa,5.094799995,8.940313339,0.592628479,65.89624023,0.772072434,-0.240377247,0.815724611,2.378402472,97,Middle East and North Africa,4.918,8.903,0.56,66.208,0.774,-0.236,0.801,2.749,106,100,5.06,2.405,MAR
Albania,Central and Eastern Europe,95,4.959,0.87867,0.80434,0.81325,0.35733,0.06413,0.14272,1.89894,Central and Eastern Europe,109,4.655,0.9553,0.50163,0.73007,0.31866,0.05301,0.1684,1.92816,109,4.64400005340576,0.996192753314972,0.803685247898102,0.731159746646881,0.381498634815216,0.201312944293022,0.0398642159998417,1.49044156074524,Central and Eastern Europe,112,4.586,0.916,0.817,0.79,0.419,0.149,0.032,Central and Eastern Europe,107,4.719,0.947,0.848,0.874,0.383,0.178,0.027,Central and Eastern Europe,Central and Eastern Europe,4.882699966,9.417930603,0.671070457,68.70813751,0.781994224,-0.042309489,0.896303713,1.640897036,105,Central and Eastern Europe,5.117,9.52,0.697,68.999,0.785,-0.03,0.901,2.25,93,90,5.199,1.718,ALB
Bosnia and Herzegovina,Central and Eastern Europe,96,4.949,0.83223,0.91916,0.79081,0.09245,0.00227,0.24808,2.06367,Central and Eastern Europe,87,5.163,0.93383,0.64367,0.70766,0.09511,0.0,0.29889,2.48406,90,5.18200016021729,0.982409417629242,1.0693359375,0.705186307430267,0.204403176903725,0.328867495059967,0.0,1.89217257499695,Central and Eastern Europe,93,5.129,0.915,1.078,0.758,0.28,0.216,0.0,Central and Eastern Europe,78,5.386,0.945,1.212,0.845,0.212,0.263,0.006,Central and Eastern Europe,Central and Eastern Europe,5.674099922,9.455817223,0.829204142,67.80813599,0.651352704,0.098274559,0.933769107,2.16724205,69,Central and Eastern Europe,5.813,9.59,0.87,68.098,0.706,0.113,0.931,2.583,64,67,5.768,1.869,BIH
Dominican Republic,Latin America and Caribbean,98,4.885,0.89537,1.17202,0.66825,0.57672,0.14234,0.21684,1.21305,Latin America and Caribbean,89,5.155,1.02787,0.99496,0.57669,0.52259,0.12372,0.21286,1.69626,86,5.23000001907349,1.07937383651733,1.40241670608521,0.574873745441437,0.55258983373642,0.186967849731445,0.113945253193378,1.31946516036987,Latin America and Caribbean,83,5.302,0.982,1.441,0.614,0.578,0.12,0.106,Latin America and Caribbean,77,5.425,1.015,1.401,0.779,0.497,0.113,0.101,Latin America and Caribbean,Latin America and Caribbean,5.689199924,9.664880753,0.882085383,65.80748749,0.866202772,-0.131263286,0.755999923,1.844246864,68,Latin America and Caribbean,5.545,9.802,0.853,66.102,0.86,-0.133,0.714,2.178,73,69,5.737,1.751,DOM
Mongolia,Eastern Asia,100,4.874,0.82819,1.3006,0.60268,0.43626,0.02666,0.3323,1.34759,Eastern Asia,101,4.907,0.98853,1.08983,0.55469,0.35972,0.03285,0.34539,1.53586,100,4.95499992370605,1.02723586559296,1.4930112361908,0.557783484458923,0.394143968820572,0.338464230298996,0.0329022891819477,1.11129236221313,Eastern Asia,94,5.125,0.914,1.517,0.575,0.395,0.253,0.032,Eastern Asia,83,5.285,0.948,1.531,0.667,0.317,0.235,0.038,Eastern Asia,East Asia,5.456200123,9.412186623,0.937142491,62.30448532,0.693351328,0.098093867,0.863511205,1.810527563,81,East Asia,5.677,9.4,0.935,62.5,0.708,0.116,0.856,2.492,70,68,5.761,1.999,MNG
Greece,Western Europe,102,4.857,1.15406,0.92933,0.88213,0.07699,0.01397,0.0,1.80101,Western Europe,99,5.033,1.24886,0.75473,0.80029,0.05822,0.04127,0.0,2.12944,87,5.22700023651123,1.28948748111725,1.23941457271576,0.810198903083801,0.0957312509417534,0.0,0.04328977689147,1.74922156333923,Western Europe,79,5.358,1.154,1.202,0.879,0.131,0.0,0.044,Western Europe,82,5.287,1.181,1.156,0.999,0.067,0.0,0.034,Western Europe,Western Europe,5.514999866,10.13232613,0.814380348,72.40525818,0.541345119,-0.300907373,0.859931409,2.016179085,77,Western Europe,5.723,10.279,0.823,72.6,0.582,-0.288,0.823,2.561,68,58,5.948,2.119,GRC
Lebanon,Middle East and Northern Africa,103,4.839,1.02564,0.80001,0.83947,0.33916,0.04582,0.21854,1.57059,Middle East and Northern Africa,93,5.129,1.12268,0.64184,0.76171,0.26228,0.03061,0.23693,2.07339,88,5.22499990463257,1.07498753070831,1.12962424755096,0.735081076622009,0.288515985012054,0.264450758695602,0.037513829767704,1.69507384300232,Middle East and Northern Africa,80,5.358,0.965,1.179,0.785,0.503,0.214,0.136,Middle East and Northern Africa,91,5.197,0.987,1.224,0.815,0.216,0.166,0.027,Middle East and Northern Africa,Middle East and North Africa,4.771500111,9.3617239,0.824338138,67.10658264,0.551357508,-0.06121527,0.90225625,1.53554225,111,Middle East and North Africa,4.584,9.626,0.848,67.355,0.525,-0.073,0.898,1.736,123,145,2.955,0.216,LBN
Hungary,Central and Eastern Europe,104,4.8,1.12094,1.20215,0.75905,0.32112,0.02758,0.128,1.24074,Central and Eastern Europe,91,5.145,1.24142,0.93164,0.67608,0.1977,0.04472,0.099,1.95473,75,5.32399988174438,1.2860119342804,1.34313309192657,0.687763452529907,0.175863519310951,0.0784016624093056,0.0366369374096394,1.71645927429199,Central and Eastern Europe,69,5.62,1.171,1.401,0.732,0.259,0.061,0.022,Central and Eastern Europe,62,5.758,1.201,1.41,0.828,0.199,0.081,0.02,Central and Eastern Europe,Central and Eastern Europe,6.000400066,10.24924374,0.921934128,67.60997009,0.718964577,-0.194323018,0.892916501,2.121845722,53,Central and Eastern Europe,5.992,10.358,0.943,68.0,0.755,-0.186,0.876,2.432,53,51,6.086,1.812,HUN
Honduras,Latin America and Caribbean,105,4.788,0.59532,0.95348,0.6951,0.40148,0.06825,0.23027,1.84408,Latin America and Caribbean,104,4.871,0.69429,0.75596,0.58383,0.26755,0.06906,0.2044,2.29551,91,5.18100023269653,0.730573117733002,1.14394497871399,0.582569479942322,0.348079860210419,0.236188873648643,0.0733454525470734,2.06581115722656,Latin America and Caribbean,72,5.504,0.62,1.205,0.622,0.459,0.197,0.074,Latin America and Caribbean,59,5.86,0.642,1.236,0.828,0.507,0.246,0.078,Latin America and Caribbean,Latin America and Caribbean,5.953199863,8.424534798,0.821870148,67.19876862,0.870603263,0.086969115,0.801131904,2.464295387,56,Latin America and Caribbean,5.919,8.648,0.812,67.3,0.857,0.081,0.809,2.934,59,55,6.022,2.611,HND
Tajikistan,Central and Eastern Europe,106,4.786,0.39047,0.85563,0.57379,0.47216,0.15072,0.22974,2.11399,Central and Eastern Europe,100,4.996,0.48835,0.75602,0.53119,0.43408,0.13509,0.25998,2.39106,96,5.04099988937378,0.524713635444641,1.27146327495575,0.529235124588013,0.471566706895828,0.248997643589973,0.146377146244049,1.84904932975769,Central and Eastern Europe,88,5.199,0.474,1.166,0.598,0.292,0.187,0.034,Central and Eastern Europe,74,5.467,0.493,1.098,0.718,0.389,0.23,0.144,Central and Eastern Europe,Commonwealth of Independent States,5.555699825,8.024810791,0.835297108,64.10459137,0.831383407,-0.025088511,0.592076063,2.25650835,71,Commonwealth of Independent States,5.466,8.091,0.86,64.281,0.832,-0.056,0.553,2.619,78,83,5.377,1.895,TJK
Tunisia,Middle East and Northern Africa,107,4.739,0.88113,0.60429,0.73793,0.26268,0.06358,0.06431,2.12466,Middle East and Northern Africa,98,5.045,0.97724,0.43165,0.59577,0.23553,0.0817,0.03936,2.68413,102,4.80499982833862,1.00726580619812,0.868351459503174,0.613212049007416,0.289680689573288,0.0496933571994305,0.0867231488227844,1.89025115966797,Middle East and Northern Africa,111,4.592,0.9,0.906,0.69,0.271,0.04,0.063,Middle East and Northern Africa,124,4.461,0.921,1.0,0.815,0.167,0.059,0.055,Middle East and Northern Africa,Middle East and North Africa,4.392199993,9.314972878,0.688718557,66.89785767,0.593361557,-0.216413811,0.867590249,1.528496742,128,Middle East and North Africa,4.596,9.266,0.691,67.201,0.656,-0.201,0.87,2.138,122,120,4.516,1.54,TUN
Bangladesh,Southern Asia,109,4.694,0.39753,0.43106,0.60164,0.4082,0.12569,0.21222,2.51767,Southern Asia,110,4.643,0.54177,0.24749,0.52989,0.39778,0.12583,0.19132,2.60904,110,4.60799980163574,0.586682975292206,0.735131740570068,0.533241033554077,0.478356659412384,0.172255352139473,0.123717859387398,1.97873616218567,Southern Asia,115,4.5,0.532,0.85,0.579,0.58,0.153,0.144,Southern Asia,125,4.456,0.562,0.928,0.723,0.527,0.166,0.143,Southern Asia,South Asia,4.832799911,8.287063599,0.687292993,64.50306702,0.90062499,-0.033664726,0.661843538,1.755261898,107,South Asia,5.025,8.454,0.693,64.8,0.877,-0.041,0.682,2.427,101,94,5.155,1.967,BGD
Iran,Middle East and Northern Africa,110,4.686,1.0088,0.54447,0.69805,0.30033,0.05863,0.38086,1.6944,Middle East and Northern Africa,105,4.813,1.11758,0.38857,0.64232,0.22544,0.0557,0.38538,1.99817,108,4.69199991226196,1.15687310695648,0.711551249027252,0.639333188533783,0.249322608113289,0.387242913246155,0.048761073499918,1.49873495101929,Middle East and Northern Africa,106,4.707,1.059,0.771,0.691,0.459,0.282,0.129,Middle East and Northern Africa,117,4.548,1.1,0.842,0.785,0.305,0.27,0.125,Middle East and Northern Africa,Middle East and North Africa,4.672399998,9.813719749,0.694689691,66.00614929,0.647873282,0.117891103,0.714635968,1.286969423,118,Middle East and North Africa,4.721,9.584,0.71,66.3,0.608,0.218,0.714,1.823,118,110,4.888,1.427,IRN
Ukraine,Central and Eastern Europe,111,4.681,0.79907,1.20278,0.6739,0.25123,0.02961,0.15275,1.5714,Central and Eastern Europe,123,4.324,0.87287,1.01413,0.58628,0.12859,0.01829,0.20363,1.50066,132,4.09600019454956,0.89465194940567,1.39453756809235,0.575903952121735,0.122974775731564,0.270061463117599,0.0230294708162546,0.814382314682007,Central and Eastern Europe,138,4.103,0.793,1.413,0.609,0.163,0.187,0.011,Central and Eastern Europe,133,4.332,0.82,1.39,0.739,0.178,0.187,0.01,Central and Eastern Europe,Commonwealth of Independent States,4.56069994,9.010690689,0.878879368,64.60678101,0.663081884,-0.030933706,0.920636714,1.252669334,123,Commonwealth of Independent States,4.875,9.436,0.888,64.902,0.724,-0.011,0.924,1.813,110,98,5.084,1.331,UKR
Iraq,Middle East and Northern Africa,112,4.677,0.98549,0.81889,0.60237,0.0,0.13788,0.17922,1.95335,Middle East and Northern Africa,112,4.575,1.07474,0.59205,0.51076,0.24856,0.13636,0.19589,1.81657,117,4.49700021743774,1.10271048545837,0.978613197803497,0.501180469989777,0.288555532693863,0.19963726401329,0.107215754687786,1.31890726089478,Middle East and Northern Africa,117,4.456,1.01,0.971,0.536,0.304,0.148,0.095,Middle East and Northern Africa,126,4.437,1.043,0.98,0.574,0.241,0.148,0.089,Middle East and Northern Africa,Middle East and North Africa,4.784800053,9.661095619,0.747694969,59.90354919,0.633182645,-0.06956476,0.82226181,1.752173662,110,Middle East and North Africa,4.854,9.24,0.746,60.583,0.63,-0.053,0.875,2.429,111,107,4.941,1.894,IRQ
South Africa,Sub-Saharan Africa,113,4.642,0.92049,1.18468,0.27688,0.33207,0.08884,0.11973,1.71956,Sub-Saharan Africa,116,4.459,1.02416,0.96053,0.18611,0.42483,0.08415,0.13656,1.64227,101,4.8289999961853,1.05469870567322,1.38478863239288,0.187080070376396,0.479246735572815,0.139362379908562,0.0725094974040985,1.51090860366821,Sub-Saharan Africa,105,4.724,0.94,1.41,0.33,0.516,0.103,0.056,Sub-Saharan Africa,106,4.722,0.96,1.351,0.469,0.389,0.13,0.055,Sub-Saharan Africa,Sub-Saharan Africa,4.814099789,9.403370857,0.852532268,56.50601196,0.759330094,-0.109777324,0.843423843,1.625117302,109,Sub-Saharan Africa,4.956,9.403,0.86,56.904,0.749,-0.067,0.86,2.187,103,91,5.194,1.742,ZAF
Ghana,Sub-Saharan Africa,114,4.633,0.54558,0.67954,0.40132,0.42342,0.04355,0.23087,2.30919,Sub-Saharan Africa,124,4.276,0.63107,0.49353,0.29681,0.40973,0.0326,0.21203,2.2002,131,4.11999988555908,0.667224824428558,0.873664736747742,0.295637726783752,0.423026293516159,0.256923943758011,0.0253363698720932,1.57786750793457,Sub-Saharan Africa,108,4.657,0.592,0.896,0.337,0.499,0.212,0.029,Sub-Saharan Africa,98,4.996,0.611,0.868,0.486,0.381,0.245,0.04,Sub-Saharan Africa,Sub-Saharan Africa,5.147999763,8.350645065,0.728601098,57.20398712,0.794796526,0.094170853,0.847964764,2.378437281,91,Sub-Saharan Africa,5.088,8.58,0.727,57.586,0.807,0.123,0.848,2.684,95,111,4.872,1.972,GHA
Zimbabwe,Sub-Saharan Africa,115,4.61,0.271,1.03276,0.33475,0.25861,0.08079,0.18987,2.44191,Sub-Saharan Africa,131,4.193,0.35041,0.71478,0.1595,0.25429,0.08582,0.18503,2.4427,138,3.875,0.375846534967422,1.08309590816498,0.196763753890991,0.336384207010269,0.189143493771553,0.0953753814101219,1.59797024726868,Sub-Saharan Africa,144,3.692,0.357,1.094,0.248,0.406,0.132,0.099,Sub-Saharan Africa,146,3.663,0.366,1.114,0.433,0.361,0.151,0.089,Sub-Saharan Africa,Sub-Saharan Africa,3.299200058,7.865711689,0.763092756,55.61725998,0.711457908,-0.072063953,0.81023699,0.841031075,151,Sub-Saharan Africa,3.145,7.943,0.75,56.201,0.677,-0.047,0.821,1.205,148,144,2.995,0.548,ZWE
India,Southern Asia,117,4.565,0.64499,0.38174,0.51529,0.39786,0.08492,0.26475,2.27513,Southern Asia,118,4.404,0.74036,0.29247,0.45091,0.40285,0.08722,0.25028,2.18032,122,4.31500005722046,0.792221248149872,0.754372596740723,0.455427616834641,0.469987004995346,0.231538489460945,0.0922268852591515,1.5191171169281,Southern Asia,133,4.19,0.721,0.747,0.485,0.539,0.172,0.093,Southern Asia,140,4.015,0.755,0.765,0.588,0.498,0.2,0.085,Southern Asia,South Asia,3.573299885,8.849823952,0.592200935,60.21518707,0.881444871,0.057551607,0.772042692,0.734130859,144,South Asia,3.819,8.755,0.603,60.633,0.893,0.089,0.774,1.405,139,136,3.777,0.795,IND
Nepal,Southern Asia,121,4.514,0.35997,0.86449,0.56874,0.38282,0.05907,0.32296,1.95637,Southern Asia,107,4.793,0.44626,0.69699,0.50073,0.37012,0.07008,0.3816,2.32694,99,4.96199989318848,0.479820191860199,1.17928326129913,0.504130780696869,0.440305948257446,0.394096165895462,0.0729755461215973,1.8912410736084,Southern Asia,101,4.88,0.425,1.228,0.539,0.526,0.302,0.078,Southern Asia,100,4.913,0.446,1.226,0.677,0.439,0.285,0.089,Southern Asia,South Asia,5.137199879,7.925357342,0.785512447,63.77917862,0.797565043,0.154168829,0.738099158,2.014386892,92,South Asia,5.269,8.12,0.774,64.233,0.782,0.152,0.727,2.642,87,84,5.377,2.224,NPL
Ethiopia,Sub-Saharan Africa,122,4.512,0.19073,0.60406,0.44055,0.4345,0.15048,0.24325,2.44876,Sub-Saharan Africa,115,4.508,0.29283,0.37932,0.34578,0.36703,0.1717,0.29522,2.65614,119,4.46000003814697,0.339233845472336,0.86466920375824,0.353409707546234,0.408842742443085,0.312650740146637,0.165455713868141,2.01574373245239,Sub-Saharan Africa,127,4.35,0.308,0.95,0.391,0.452,0.22,0.146,Sub-Saharan Africa,134,4.286,0.336,1.033,0.532,0.344,0.209,0.1,Sub-Saharan Africa,Sub-Saharan Africa,4.186200142,7.509385586,0.743307352,58.63959122,0.740795195,0.043377332,0.753690004,1.628459215,136,Sub-Saharan Africa,4.275,7.694,0.764,59.0,0.752,0.082,0.761,2.089,133,131,4.241,1.375,ETH
Sierra Leone,Sub-Saharan Africa,123,4.507,0.33024,0.95571,0.0,0.4084,0.08786,0.21488,2.51009,Sub-Saharan Africa,111,4.635,0.36485,0.628,0.0,0.30685,0.08196,0.23897,3.01402,106,4.70900011062622,0.36842092871666,0.984136044979095,0.0055647538974881,0.318697690963745,0.293040901422501,0.0710951760411263,2.66845989227295,Sub-Saharan Africa,113,4.571,0.256,0.813,0.0,0.355,0.238,0.053,Sub-Saharan Africa,129,4.374,0.268,0.841,0.242,0.309,0.252,0.045,Sub-Saharan Africa,Sub-Saharan Africa,3.926399946,7.26880312,0.636142015,50.86514282,0.715315044,0.088660747,0.861330688,2.046271801,139,Sub-Saharan Africa,3.849,7.434,0.63,51.651,0.717,0.084,0.866,2.396,138,140,3.574,1.556,SLE
Kenya,Sub-Saharan Africa,125,4.419,0.36471,0.99876,0.41435,0.42215,0.05839,0.37542,1.78555,Sub-Saharan Africa,122,4.356,0.52267,0.7624,0.30147,0.40576,0.06686,0.41328,1.88326,112,4.55299997329712,0.560479462146759,1.06795072555542,0.309988349676132,0.452763766050339,0.444860309362411,0.0646413192152977,1.6519021987915,Sub-Saharan Africa,124,4.41,0.493,1.048,0.454,0.504,0.352,0.055,Sub-Saharan Africa,121,4.509,0.512,0.983,0.581,0.431,0.372,0.053,Sub-Saharan Africa,Sub-Saharan Africa,4.583000183,8.02977562,0.702652037,60.09693146,0.829747558,0.294681519,0.831499159,1.684904575,121,Sub-Saharan Africa,4.607,8.361,0.688,60.704,0.779,0.287,0.825,2.18,121,119,4.543,1.661,KEN
Armenia,Central and Eastern Europe,127,4.35,0.76821,0.77711,0.7299,0.19847,0.039,0.07855,1.75873,Central and Eastern Europe,121,4.36,0.86086,0.62477,0.64083,0.14037,0.03616,0.07793,1.97864,121,4.37599992752075,0.900596737861633,1.00748372077942,0.637524425983429,0.198303267359734,0.0834880918264389,0.0266744215041399,1.5214991569519,Central and Eastern Europe,129,4.321,0.816,0.99,0.666,0.26,0.077,0.028,Central and Eastern Europe,116,4.559,0.85,1.055,0.815,0.283,0.095,0.064,Central and Eastern Europe,Commonwealth of Independent States,4.676799774,9.100476265,0.757479429,66.75065613,0.712017834,-0.13877961,0.773544788,1.468161583,116,Commonwealth of Independent States,5.283,9.487,0.799,67.055,0.825,-0.168,0.629,2.127,86,82,5.399,1.654,ARM
Georgia,Central and Eastern Europe,130,4.297,0.7419,0.38562,0.72926,0.40577,0.38331,0.05547,1.59541,Central and Eastern Europe,126,4.252,0.83792,0.19249,0.64035,0.32461,0.3188,0.06786,1.87031,125,4.28599977493286,0.950612664222717,0.57061493396759,0.649546980857849,0.309410035610199,0.0540088154375553,0.251666635274887,1.50013780593872,Central and Eastern Europe,128,4.34,0.853,0.592,0.643,0.375,0.038,0.215,Central and Eastern Europe,119,4.519,0.886,0.666,0.752,0.346,0.043,0.164,Central and Eastern Europe,Commonwealth of Independent States,4.672599792,9.226100922,0.629033029,64.49520874,0.801641524,-0.22892037,0.665944695,1.69239831,117,Commonwealth of Independent States,4.891,9.585,0.671,64.3,0.783,-0.238,0.655,2.191,108,105,4.973,1.583,GEO
Malawi,Sub-Saharan Africa,131,4.292,0.01604,0.41134,0.22562,0.43054,0.06977,0.33128,2.80791,Sub-Saharan Africa,132,4.156,0.08709,0.147,0.29364,0.4143,0.07564,0.30968,2.82859,136,3.97000002861023,0.233442038297653,0.512568831443787,0.315089583396912,0.466914653778076,0.287170469760895,0.0727116540074348,2.08178615570068,Sub-Saharan Africa,147,3.587,0.186,0.541,0.306,0.531,0.21,0.08,Sub-Saharan Africa,150,3.41,0.191,0.56,0.495,0.443,0.218,0.089,Sub-Saharan Africa,Sub-Saharan Africa,3.538000107,7.062226295,0.544007301,57.59288788,0.803223193,0.021433279,0.731700778,1.552718282,145,Sub-Saharan Africa,3.6,6.958,0.537,57.948,0.78,0.038,0.729,2.19,144,138,3.75,1.661,MWI
Sri Lanka,Southern Asia,132,4.271,0.83524,1.01905,0.70806,0.53726,0.09179,0.40828,0.67108,Southern Asia,117,4.415,0.97318,0.84783,0.62007,0.50817,0.07964,0.46978,0.91681,120,4.44000005722046,1.00985014438629,1.25997638702393,0.625130832195282,0.561213254928589,0.490863561630249,0.0736539661884308,0.419389247894287,Southern Asia,116,4.471,0.918,1.314,0.672,0.585,0.307,0.05,Southern Asia,130,4.366,0.949,1.265,0.831,0.47,0.244,0.047,Southern Asia,South Asia,4.327000141,9.389969826,0.825374067,67.20006561,0.837633669,0.081129618,0.859001756,0.611288548,130,South Asia,4.325,9.47,0.827,67.299,0.841,0.079,0.863,1.075,129,127,4.362,0.595,LKA
Cameroon,Sub-Saharan Africa,133,4.252,0.4225,0.88767,0.23402,0.49309,0.05786,0.20618,1.95071,Sub-Saharan Africa,114,4.513,0.52497,0.62542,0.12698,0.42736,0.06126,0.2268,2.5198,107,4.69500017166138,0.564305365085602,0.946018218994141,0.132892116904259,0.430388748645782,0.236298456788063,0.0513066314160824,2.3336455821991,Sub-Saharan Africa,99,4.975,0.535,0.891,0.182,0.454,0.183,0.043,Sub-Saharan Africa,96,5.044,0.549,0.91,0.331,0.381,0.187,0.037,Sub-Saharan Africa,Sub-Saharan Africa,5.084899902,8.118647575,0.700386405,52.7049408,0.763051808,-0.00149645,0.851336598,2.719370842,98,Sub-Saharan Africa,5.142,8.189,0.71,53.515,0.731,0.026,0.848,3.195,91,102,5.048,2.469,CMR
Bulgaria,Central and Eastern Europe,134,4.218,1.01216,1.10614,0.76649,0.30587,0.00872,0.11921,0.89991,Central and Eastern Europe,129,4.217,1.11306,0.92542,0.67806,0.21219,0.00615,0.12793,1.15377,105,4.71400022506714,1.1614590883255,1.43437945842743,0.708217680454254,0.289231717586517,0.113177694380283,0.0110515309497714,0.996139287948608,Central and Eastern Europe,100,4.933,1.054,1.515,0.712,0.359,0.064,0.009,Central and Eastern Europe,97,5.011,1.092,1.513,0.815,0.311,0.081,0.004,Central and Eastern Europe,Central and Eastern Europe,5.101500034,9.869318962,0.937840343,66.80397797,0.745178163,-0.143908441,0.935585141,1.294961452,96,Central and Eastern Europe,5.266,10.016,0.931,67.0,0.788,-0.096,0.932,1.823,88,85,5.371,1.235,BGR
Egypt,Middle East and Northern Africa,135,4.194,0.8818,0.747,0.61712,0.17288,0.06324,0.11291,1.59927,Middle East and Northern Africa,120,4.362,0.95395,0.49813,0.52116,0.18847,0.10393,0.12706,1.96895,104,4.7350001335144,0.989701807498932,0.997471392154694,0.520187258720398,0.282110154628754,0.128631442785263,0.114381365478039,1.70216107368469,Middle East and Northern Africa,122,4.419,0.885,1.025,0.553,0.312,0.092,0.107,Middle East and Northern Africa,137,4.166,0.913,1.039,0.644,0.241,0.076,0.067,Middle East and Northern Africa,Middle East and North Africa,4.151400089,9.316541672,0.735447824,61.78015137,0.708354175,-0.196878314,0.787726879,1.158818245,138,Middle East and North Africa,4.283,9.367,0.75,61.998,0.749,-0.182,0.795,1.648,132,129,4.288,0.856,EGY
Mali,Sub-Saharan Africa,138,3.995,0.26074,1.03526,0.20583,0.38857,0.12352,0.18798,1.79293,Sub-Saharan Africa,135,4.073,0.31292,0.86333,0.16347,0.27544,0.13647,0.21064,2.11087,127,4.19000005722046,0.476180493831635,1.28147339820862,0.169365674257278,0.306613743305206,0.183354198932648,0.104970246553421,1.66819095611572,Sub-Saharan Africa,118,4.447,0.37,1.233,0.152,0.367,0.139,0.056,Sub-Saharan Africa,128,4.39,0.385,1.105,0.308,0.327,0.153,0.052,Sub-Saharan Africa,Sub-Saharan Africa,4.729300022,7.629852295,0.731468976,51.72698212,0.71156615,-0.044366926,0.839328408,2.559335232,114,Sub-Saharan Africa,4.723,7.744,0.724,51.969,0.697,-0.036,0.827,3.016,117,123,4.479,2.373,MLI
Uganda,Sub-Saharan Africa,141,3.931,0.21102,1.13299,0.33861,0.45727,0.07267,0.29066,1.42766,Sub-Saharan Africa,145,3.739,0.34719,0.90981,0.19625,0.43653,0.06442,0.27102,1.51416,133,4.08099985122681,0.381430715322495,1.12982773780823,0.217632606625557,0.443185955286026,0.325766056776047,0.057069718837738,1.526362657547,Sub-Saharan Africa,135,4.161,0.322,1.09,0.237,0.45,0.259,0.061,Sub-Saharan Africa,136,4.189,0.332,1.069,0.443,0.356,0.252,0.06,Sub-Saharan Africa,Sub-Saharan Africa,4.43200016,7.500389576,0.764994621,55.70820236,0.731713951,0.099487431,0.836737812,1.958671093,126,Sub-Saharan Africa,4.636,7.677,0.781,56.101,0.709,0.122,0.855,2.596,119,117,4.603,1.842,UGA
Senegal,Sub-Saharan Africa,142,3.904,0.36498,0.97619,0.4354,0.36772,0.10713,0.20843,1.44395,Sub-Saharan Africa,128,4.219,0.44314,0.77416,0.40457,0.31056,0.11681,0.19103,1.97861,115,4.53499984741211,0.479309022426605,1.17969191074371,0.409362852573395,0.377922266721725,0.183468893170357,0.115460447967052,1.78964614868164,Sub-Saharan Africa,109,4.631,0.429,1.117,0.433,0.406,0.138,0.082,Sub-Saharan Africa,111,4.681,0.45,1.134,0.571,0.292,0.153,0.072,Sub-Saharan Africa,Sub-Saharan Africa,4.980800152,8.118982315,0.723616004,59.59915161,0.690596163,-0.052335154,0.808785141,2.405123949,101,Sub-Saharan Africa,5.132,8.118,0.71,59.802,0.695,-0.046,0.801,3.071,92,103,5.046,2.419,SEN
Gabon,Sub-Saharan Africa,143,3.896,1.06024,0.90528,0.43372,0.31914,0.11091,0.06822,0.99895,Sub-Saharan Africa,134,4.121,1.15851,0.72368,0.3494,0.28098,0.09314,0.06244,1.45332,118,4.46500015258789,1.1982102394104,1.1556202173233,0.356578588485718,0.312328577041626,0.0437853783369064,0.0760467872023582,1.32291626930237,Sub-Saharan Africa,103,4.758,1.036,1.164,0.404,0.356,0.032,0.052,Sub-Saharan Africa,104,4.799,1.057,1.183,0.571,0.295,0.043,0.055,Sub-Saharan Africa,Sub-Saharan Africa,4.829299927,9.680537224,0.787886858,59.71533966,0.704829216,-0.222261623,0.849150956,1.735027552,108,Sub-Saharan Africa,4.852,9.603,0.776,59.962,0.731,-0.2,0.84,2.201,112,106,4.958,1.892,GAB
Cambodia,Southeastern Asia,145,3.819,0.46038,0.62736,0.61114,0.66246,0.07247,0.40359,0.98195,Southeastern Asia,140,3.907,0.55604,0.5375,0.42494,0.58852,0.08092,0.40339,1.31573,129,4.16800022125244,0.601765096187592,1.00623834133148,0.429783403873444,0.633375823497772,0.385922968387604,0.0681059509515762,1.04294109344482,Southeastern Asia,120,4.433,0.549,1.088,0.457,0.696,0.256,0.065,Southeastern Asia,109,4.7,0.574,1.122,0.637,0.609,0.232,0.062,Southeastern Asia,Southeast Asia,4.848400116,8.249890327,0.773080647,61.52996826,0.959704638,0.051911179,0.822769046,1.663300037,106,Southeast Asia,4.83,8.36,0.765,62.0,0.959,0.034,0.843,2.148,114,114,4.64,1.41,KHM
Tanzania,Sub-Saharan Africa,146,3.781,0.2852,1.00268,0.38215,0.32878,0.05747,0.34377,1.38079,Sub-Saharan Africa,149,3.666,0.47155,0.77623,0.357,0.3176,0.05099,0.31472,1.37769,153,3.34899997711182,0.511135876178741,1.04198980331421,0.364509284496307,0.390017777681351,0.354256361722946,0.0660351067781448,0.621130466461182,Sub-Saharan Africa,153,3.303,0.455,0.991,0.381,0.481,0.27,0.097,Sub-Saharan Africa,153,3.231,0.476,0.885,0.499,0.417,0.276,0.147,Sub-Saharan Africa,Sub-Saharan Africa,3.476200104,7.967665195,0.688933194,57.49607468,0.82153976,0.109668687,0.619799435,0.718963385,148,Sub-Saharan Africa,3.623,7.876,0.702,57.999,0.833,0.183,0.577,1.263,142,139,3.702,0.735,TZA
Guinea,Sub-Saharan Africa,150,3.656,0.17417,0.46475,0.24009,0.37725,0.12139,0.28657,1.99172,Sub-Saharan Africa,151,3.607,0.22415,0.3109,0.18829,0.30953,0.1192,0.29914,2.15604,149,3.50699996948242,0.244549930095673,0.791244685649872,0.194129139184952,0.348587512969971,0.264815092086792,0.110937617719173,1.55231189727783,Sub-Saharan Africa,140,3.964,0.344,0.792,0.211,0.394,0.185,0.094,Sub-Saharan Africa,118,4.534,0.38,0.829,0.375,0.332,0.207,0.086,Sub-Saharan Africa,Sub-Saharan Africa,4.949299812,7.750990391,0.637573481,54.46780014,0.706846774,0.076328471,0.761794448,2.740729809,102,Sub-Saharan Africa,4.984,7.838,0.639,55.008,0.697,0.095,0.766,3.216,102,109,4.891,2.538,GIN
Burkina Faso,Sub-Saharan Africa,152,3.587,0.25812,0.85188,0.27125,0.39493,0.12832,0.21747,1.46494,Sub-Saharan Africa,145,3.739,0.31995,0.63054,0.21297,0.3337,0.12533,0.24353,1.87319,134,4.03200006484985,0.3502277135849,1.04328000545502,0.215844258666039,0.324367851018906,0.250864684581757,0.120328105986118,1.72721290588379,Sub-Saharan Africa,121,4.424,0.314,1.097,0.254,0.312,0.175,0.128,Sub-Saharan Africa,115,4.587,0.331,1.056,0.38,0.255,0.177,0.113,Sub-Saharan Africa,Sub-Saharan Africa,4.768700123,7.46854496,0.712943614,53.88945389,0.665563583,-0.019080516,0.739795029,2.588826418,112,Sub-Saharan Africa,4.834,7.678,0.672,54.151,0.695,-0.009,0.748,3.133,113,113,4.67,2.313,BFA
Afghanistan,Southern Asia,153,3.575,0.31982,0.30285,0.30335,0.23414,0.09719,0.3651,1.9521,Southern Asia,154,3.36,0.38227,0.11037,0.17344,0.1643,0.07112,0.31268,2.14558,141,3.79399991035461,0.401477217674255,0.581543326377869,0.180746778845787,0.106179520487785,0.311870932579041,0.0611578300595284,2.15080118179321,Southern Asia,145,3.632,0.332,0.537,0.255,0.085,0.191,0.036,Southern Asia,154,3.203,0.35,0.517,0.361,0.0,0.158,0.025,Southern Asia,South Asia,2.566900015,7.462860584,0.470366955,52.59000015,0.396573007,-0.0964294,0.933686554,1.507235646,153,South Asia,2.523,7.695,0.463,52.493,0.382,-0.102,0.924,1.895,149,146,2.404,1.263,AFG
Benin,Sub-Saharan Africa,155,3.34,0.28665,0.35386,0.3191,0.4845,0.0801,0.1826,1.63328,Sub-Saharan Africa,153,3.484,0.39499,0.10419,0.21028,0.39747,0.06681,0.2018,2.10812,143,3.65700006484985,0.431085407733917,0.435299843549728,0.209930211305618,0.425962775945663,0.207948461174965,0.0609290152788162,1.88563096523285,Sub-Saharan Africa,136,4.141,0.378,0.372,0.24,0.44,0.163,0.067,Sub-Saharan Africa,102,4.883,0.393,0.437,0.397,0.349,0.175,0.082,Sub-Saharan Africa,Sub-Saharan Africa,5.21600008,7.674319744,0.468671143,54.31246567,0.735182583,-0.003537213,0.740532577,3.440809727,86,Sub-Saharan Africa,5.045,8.087,0.489,54.713,0.757,-0.034,0.661,3.482,99,115,4.623,2.458,BEN
Togo,Sub-Saharan Africa,158,2.839,0.20868,0.13995,0.28443,0.36453,0.10731,0.16681,1.56726,Sub-Saharan Africa,155,3.303,0.28123,0.0,0.24811,0.34678,0.11587,0.17517,2.1354,150,3.49499988555908,0.305444717407227,0.431882530450821,0.247105568647385,0.38042613863945,0.196896150708199,0.0956650152802467,1.83722925186157,Sub-Saharan Africa,139,3.999,0.259,0.474,0.253,0.434,0.158,0.101,Sub-Saharan Africa,139,4.085,0.275,0.572,0.41,0.293,0.177,0.085,Sub-Saharan Africa,Sub-Saharan Africa,4.187200069,7.357711315,0.551312625,54.71989822,0.649828613,0.002667875,0.757733464,2.409595251,135,Sub-Saharan Africa,4.107,7.362,0.569,54.914,0.619,0.032,0.772,2.806,136,135,4.112,2.061,TGO
